"Link type"	"Is nofollow"	"Source URL"	"Source HTTP status code"	"Target URL"	"Target HTTP status code"	"Alt attribute"	"Is source canonical"	"Is source noindex"	"Is link internal"
"Image"	"false"	"https://cindemirlaw.com/embed-list/"	"200"	"https://d.barobirlik.org.tr/amblem/tbb_amblem_60.png"	"403"	"Türkiye Barolar Birliği"	"true"	"false"	"false"
"Image"	"false"	"https://cindemirlaw.com/fde1068e3bda46a37dd24126f9ec4b09df0c999365011ec71028e1a7d4c45bfdd0fde1068e3bda46a37dd24126f9ec4b09df0c999365011ec71028e1a7d4c45bfdb0fde1068e3bda46a37dd24126f9ec4b09df0c999365011ec71028e1a7d4c45bf-2/"	"200"	"https://cindemirlaw.com/russian/wp-content/uploads/2014/11/white-2-copy-150x150.jpg"	"404"	"Cindemir Law Office"	"true"	"false"	"true"
"Image"	"false"	"https://cindemirlaw.com/%D1%81%D0%BE%D0%B7%D0%B4%D0%B0%D0%BD%D0%B8%D0%B5-%D0%BA%D0%BE%D0%BC%D0%BF%D0%B0%D0%BD%D0%B8%D0%B8-%D1%81-%D0%BE%D0%B3%D1%80%D0%B0%D0%BD%D0%B8%D1%87%D0%B5%D0%BD%D0%BD%D0%BE%D0%B9-%D0%BE%D1%82%D0%B2/?lang=ru"	"200"	"https://d.barobirlik.org.tr/amblem/tbb_amblem_60.png"	"403"	"Türkiye Barolar Birliği"	"true"	"false"	"false"
"Image"	"false"	"https://cindemirlaw.com/%D0%BF%D1%80%D0%BE%D1%84%D0%B5%D1%81%D1%81%D0%B8%D0%BE%D0%BD%D0%B0%D0%BB%D1%8C%D0%BD%D1%8B%D0%B5-%D1%8E%D1%80%D0%B8%D0%B4%D0%B8%D1%87%D0%B5%D1%81%D0%BA%D0%B8%D0%B5-%D0%BA%D0%BE%D0%BD%D1%81%D1%83%D0%BB/?lang=ru"	"200"	"https://d.barobirlik.org.tr/amblem/tbb_amblem_60.png"	"403"	"Türkiye Barolar Birliği"	"true"	"false"	"false"
"Image"	"false"	"https://cindemirlaw.com/%D1%8E%D1%80%D0%B8%D0%B4%D0%B8%D1%87%D0%B5%D1%81%D0%BA%D0%B0%D1%8F-%D0%BF%D0%BE%D0%BC%D0%BE%D1%89%D1%8C-%D0%BF%D1%80%D0%B8-%D0%BE%D1%82%D0%BF%D1%80%D0%B0%D0%B2%D0%BA%D0%B5-%D0%B2%D0%B5%D1%89%D0%B5/?lang=ru"	"200"	"https://d.barobirlik.org.tr/amblem/tbb_amblem_60.png"	"403"	"Türkiye Barolar Birliği"	"true"	"false"	"false"
"Image"	"false"	"https://cindemirlaw.com/nominee-director-in-turkey/"	"200"	"https://d.barobirlik.org.tr/amblem/tbb_amblem_60.png"	"403"	"Türkiye Barolar Birliği"	"true"	"false"	"false"
"Image"	"false"	"https://cindemirlaw.com/enforcement-of-promissory-notes-bills-of-exchange-and-cheques-in-turkey/"	"200"	"https://d.barobirlik.org.tr/amblem/tbb_amblem_60.png"	"403"	"Türkiye Barolar Birliği"	"true"	"false"	"false"
"Image"	"false"	"https://cindemirlaw.com/%D1%80%D1%83%D0%BA%D0%BE%D0%B2%D0%BE%D0%B4%D1%81%D1%82%D0%B2%D0%BE-%D0%BF%D0%BE-%D0%BF%D1%80%D0%B8%D0%BE%D0%B1%D1%80%D0%B5%D1%82%D0%B5%D0%BD%D0%B8%D1%8E-%D0%B8%D0%BD%D0%BE%D1%81%D1%82%D1%80%D0%B0/?lang=ru"	"200"	"https://d.barobirlik.org.tr/amblem/tbb_amblem_60.png"	"403"	"Türkiye Barolar Birliği"	"true"	"false"	"false"
"Image"	"false"	"https://cindemirlaw.com/establishing-a-commercial-enterprise-in-turkey/"	"200"	"https://d.barobirlik.org.tr/amblem/tbb_amblem_60.png"	"403"	"Türkiye Barolar Birliği"	"true"	"false"	"false"
"Image"	"false"	"https://cindemirlaw.com/link20/"	"200"	"https://d.barobirlik.org.tr/amblem/tbb_amblem_60.png"	"403"	"Türkiye Barolar Birliği"	"true"	"false"	"false"
"Image"	"false"	"https://cindemirlaw.com/cindemir-hukuk/?lang=zh-hans"	"200"	"https://d.barobirlik.org.tr/amblem/tbb_amblem_60.png"	"403"	"Türkiye Barolar Birliği"	"true"	"false"	"false"
"Image"	"false"	"https://cindemirlaw.com/anti-dumping-measures/"	"200"	"https://d.barobirlik.org.tr/amblem/tbb_amblem_60.png"	"403"	"Türkiye Barolar Birliği"	"true"	"false"	"false"
"Image"	"false"	"https://cindemirlaw.com/cisg-%D0%B2-%D1%82%D1%83%D1%80%D1%86%D0%B8%D0%B8-%D0%BC%D0%B5%D0%B6%D0%B4%D1%83%D0%BD%D0%B0%D1%80%D0%BE%D0%B4%D0%BD%D0%B0%D1%8F-%D0%BA%D1%83%D0%BF%D0%BB%D1%8F-%D0%BF%D1%80%D0%BE%D0%B4%D0%B0%D0%B6/"	"200"	"https://d.barobirlik.org.tr/amblem/tbb_amblem_60.png"	"403"	"Türkiye Barolar Birliği"	"true"	"false"	"false"
"Image"	"false"	"https://cindemirlaw.com/humanitarian-residence-permit-in-turkey-legal-insights-by-cindemir-law-office/"	"200"	"https://d.barobirlik.org.tr/amblem/tbb_amblem_60.png"	"403"	"Türkiye Barolar Birliği"	"true"	"false"	"false"
"Image"	"false"	"https://cindemirlaw.com/services/"	"200"	"https://d.barobirlik.org.tr/amblem/tbb_amblem_60.png"	"403"	"Türkiye Barolar Birliği"	"true"	"false"	"false"
"Image"	"false"	"https://cindemirlaw.com/understanding-the-role-and-responsibilities-of-a-commercial-agent/"	"200"	"https://d.barobirlik.org.tr/amblem/tbb_amblem_60.png"	"403"	"Türkiye Barolar Birliği"	"true"	"false"	"false"
"Image"	"false"	"https://cindemirlaw.com/direct-foreign-invesment-law-in-turkey/"	"200"	"https://d.barobirlik.org.tr/amblem/tbb_amblem_60.png"	"403"	"Türkiye Barolar Birliği"	"true"	"false"	"false"
"Image"	"false"	"https://cindemirlaw.com/news-events/"	"200"	"https://d.barobirlik.org.tr/amblem/tbb_amblem_60.png"	"403"	"Türkiye Barolar Birliği"	"true"	"false"	"false"
"Image"	"false"	"https://cindemirlaw.com/estates-trusts/"	"200"	"https://d.barobirlik.org.tr/amblem/tbb_amblem_60.png"	"403"	"Türkiye Barolar Birliği"	"true"	"false"	"false"
"Image"	"false"	"https://cindemirlaw.com/cindemir-law-2/?lang=ru"	"200"	"https://d.barobirlik.org.tr/amblem/tbb_amblem_60.png"	"403"	"Türkiye Barolar Birliği"	"true"	"false"	"false"
"Image"	"false"	"https://cindemirlaw.com/%D1%82%D0%B8%D0%BF%D1%8B-%D0%BA%D0%BE%D0%BC%D0%BF%D0%B0%D0%BD%D0%B8%D0%B9-%D0%B2-%D1%82%D1%83%D1%80%D1%86%D0%B8%D0%B8/?lang=ru"	"200"	"https://d.barobirlik.org.tr/amblem/tbb_amblem_60.png"	"403"	"Türkiye Barolar Birliği"	"true"	"false"	"false"
"Image"	"false"	"https://cindemirlaw.com/fde1068e3bda46a37dd24126f9ec4b09df0c999365011ec71028e1a7d4c45bfdd0fde1068e3bda46a37dd24126f9ec4b09df0c999365011ec71028e1a7d4c45bfdbefde1068e3bda46a37dd24126f9ec4b09df0c999365011ec71028e1a7d4c45bf/"	"200"	"https://d.barobirlik.org.tr/amblem/tbb_amblem_60.png"	"403"	"Türkiye Barolar Birliği"	"true"	"false"	"false"
"Image"	"false"	"https://cindemirlaw.com/services/?lang=zh-hans"	"200"	"https://d.barobirlik.org.tr/amblem/tbb_amblem_60.png"	"403"	"Türkiye Barolar Birliği"	"true"	"false"	"false"
"Image"	"false"	"https://cindemirlaw.com/electric-distribution-and-transmission-in-turkey/"	"200"	"https://d.barobirlik.org.tr/amblem/tbb_amblem_60.png"	"403"	"Türkiye Barolar Birliği"	"true"	"false"	"false"
"Image"	"false"	"https://cindemirlaw.com/hakan-cindemir/"	"200"	"https://d.barobirlik.org.tr/amblem/tbb_amblem_60.png"	"403"	"Türkiye Barolar Birliği"	"true"	"false"	"false"
"Image"	"false"	"https://cindemirlaw.com/airport-detention-in-turkey-legal-risks-for-foreign-travellers-and-how-to-respond/"	"200"	"https://d.barobirlik.org.tr/amblem/tbb_amblem_60.png"	"403"	"Türkiye Barolar Birliği"	"true"	"false"	"false"
"Image"	"false"	"https://cindemirlaw.com/liaison-offices-in-turkey/"	"200"	"https://d.barobirlik.org.tr/amblem/tbb_amblem_60.png"	"403"	"Türkiye Barolar Birliği"	"true"	"false"	"false"
"Image"	"false"	"https://cindemirlaw.com/enforcement-of-a-foreign-ukraine-judgment-in-turkey/"	"200"	"https://d.barobirlik.org.tr/amblem/tbb_amblem_60.png"	"403"	"Türkiye Barolar Birliği"	"true"	"false"	"false"
"Image"	"false"	"https://cindemirlaw.com/our-articles-2/"	"200"	"https://d.barobirlik.org.tr/amblem/tbb_amblem_60.png"	"403"	"Türkiye Barolar Birliği"	"true"	"false"	"false"
"Image"	"false"	"https://cindemirlaw.com/testamentary-disposition-and-testaments-in-turkish-inheritance-law/"	"200"	"https://d.barobirlik.org.tr/amblem/tbb_amblem_60.png"	"403"	"Türkiye Barolar Birliği"	"true"	"false"	"false"
"Image"	"false"	"https://cindemirlaw.com/%D0%B7%D0%B0%D0%B4%D0%B5%D1%80%D0%B6%D0%B0%D0%BD%D0%B8%D0%B5-%D0%B2-%D0%B0%D1%8D%D1%80%D0%BE%D0%BF%D0%BE%D1%80%D1%82%D1%83-%D1%82%D1%83%D1%80%D1%86%D0%B8%D0%B8-%D0%BF%D1%80%D0%B0%D0%B2%D0%BE%D0%B2/?lang=ru"	"200"	"https://d.barobirlik.org.tr/amblem/tbb_amblem_60.png"	"403"	"Türkiye Barolar Birliği"	"true"	"false"	"false"
"Image"	"false"	"https://cindemirlaw.com/can-russian-establish-a-company-in-turkey/"	"200"	"https://d.barobirlik.org.tr/amblem/tbb_amblem_60.png"	"403"	"Türkiye Barolar Birliği"	"true"	"false"	"false"
"Image"	"false"	"https://cindemirlaw.com/intentional-injury-resulting-in-death-under-turkish-criminal-law/"	"200"	"https://d.barobirlik.org.tr/amblem/tbb_amblem_60.png"	"403"	"Türkiye Barolar Birliği"	"true"	"false"	"false"
"Image"	"false"	"https://cindemirlaw.com/what-are-the-limitations-of-a-will-under-turkish-law/"	"200"	"https://d.barobirlik.org.tr/amblem/tbb_amblem_60.png"	"403"	"Türkiye Barolar Birliği"	"true"	"false"	"false"
"Image"	"false"	"https://cindemirlaw.com/foreigners-and-international-protection-in-turkey/"	"200"	"https://d.barobirlik.org.tr/amblem/tbb_amblem_60.png"	"403"	"Türkiye Barolar Birliği"	"true"	"false"	"false"
"Image"	"false"	"https://cindemirlaw.com/crypto-assets-status-a-perspective-following-turkeys-stance-on-crypto-use/"	"200"	"https://d.barobirlik.org.tr/amblem/tbb_amblem_60.png"	"403"	"Türkiye Barolar Birliği"	"true"	"false"	"false"
"Image"	"false"	"https://cindemirlaw.com/compensation-of-damages-for-foreign-victims-due-to-terror-under-turkish-law/"	"200"	"https://d.barobirlik.org.tr/amblem/tbb_amblem_60.png"	"403"	"Türkiye Barolar Birliği"	"true"	"false"	"false"
"Image"	"false"	"https://cindemirlaw.com/tourism-law-in-turkey/"	"200"	"https://d.barobirlik.org.tr/amblem/tbb_amblem_60.png"	"403"	"Türkiye Barolar Birliği"	"true"	"false"	"false"
"Image"	"false"	"https://cindemirlaw.com/a-practical-overview-of-crypto-asset-service-providers-and-platforms-in-turkiye/"	"200"	"https://d.barobirlik.org.tr/amblem/tbb_amblem_60.png"	"403"	"Türkiye Barolar Birliği"	"true"	"false"	"false"
"Image"	"false"	"https://cindemirlaw.com/gokhan-cindemir-attorney-at-law/"	"200"	"https://d.barobirlik.org.tr/amblem/tbb_amblem_60.png"	"403"	"Türkiye Barolar Birliği"	"true"	"false"	"false"
"Image"	"false"	"https://cindemirlaw.com/crypto-asset-fraud-common-schemes-legal-analysis-what-victims-should-do/"	"200"	"https://d.barobirlik.org.tr/amblem/tbb_amblem_60.png"	"403"	"Türkiye Barolar Birliği"	"true"	"false"	"false"
"Image"	"false"	"https://cindemirlaw.com/financial-rights-of-daughters-under-turkish-social-security-law/"	"200"	"https://d.barobirlik.org.tr/amblem/tbb_amblem_60.png"	"403"	"Türkiye Barolar Birliği"	"true"	"false"	"false"
"Image"	"false"	"https://cindemirlaw.com/stati/"	"200"	"https://d.barobirlik.org.tr/amblem/tbb_amblem_60.png"	"403"	"Türkiye Barolar Birliği"	"true"	"false"	"false"
"Image"	"false"	"https://cindemirlaw.com/resolution-in-the-course-of-litigation-proceedings-regarding-turkish-law/"	"200"	"https://d.barobirlik.org.tr/amblem/tbb_amblem_60.png"	"403"	"Türkiye Barolar Birliği"	"true"	"false"	"false"
"Image"	"false"	"https://cindemirlaw.com/enforcement-of-icsid-awards-in-turkey-the-light-of-last-developments/"	"200"	"https://d.barobirlik.org.tr/amblem/tbb_amblem_60.png"	"403"	"Türkiye Barolar Birliği"	"true"	"false"	"false"
"Image"	"false"	"https://cindemirlaw.com/fde1068e3bda46a37dd24126f9ec4b09df0c999365011ec71028e1a7d4c45bfdd1fde1068e3bda46a37dd24126f9ec4b09df0c999365011ec71028e1a7d4c45bfd83fde1068e3bda46a37dd24126f9ec4b09df0c999365011ec71028e1a7d4c45bf/?lang=ru"	"200"	"https://d.barobirlik.org.tr/amblem/tbb_amblem_60.png"	"403"	"Türkiye Barolar Birliği"	"true"	"false"	"false"
"Image"	"false"	"https://cindemirlaw.com/transferring-a-tiktok-account-with-escrow/"	"200"	"https://d.barobirlik.org.tr/amblem/tbb_amblem_60.png"	"403"	"Türkiye Barolar Birliği"	"true"	"false"	"false"
"Image"	"false"	"https://cindemirlaw.com/principle-of-family-unity-deportation-procedures-and-protection-of-family-unity-for-deportees/"	"200"	"https://d.barobirlik.org.tr/amblem/tbb_amblem_60.png"	"403"	"Türkiye Barolar Birliği"	"true"	"false"	"false"
"Image"	"false"	"https://cindemirlaw.com/inheritance-rights-for-divorced-spouses/"	"200"	"https://d.barobirlik.org.tr/amblem/tbb_amblem_60.png"	"403"	"Türkiye Barolar Birliği"	"true"	"false"	"false"
"Image"	"false"	"https://cindemirlaw.com/privacy-policy/"	"200"	"https://d.barobirlik.org.tr/amblem/tbb_amblem_60.png"	"403"	"Türkiye Barolar Birliği"	"true"	"false"	"false"
"Image"	"false"	"https://cindemirlaw.com/compulsory-earthquake-insurance-in-turkey-compensation-claim/"	"200"	"https://d.barobirlik.org.tr/amblem/tbb_amblem_60.png"	"403"	"Türkiye Barolar Birliği"	"true"	"false"	"false"
"Image"	"false"	"https://cindemirlaw.com/the-structure-of-board-of-directors-according-to-turkish-commercial-code/"	"200"	"https://d.barobirlik.org.tr/amblem/tbb_amblem_60.png"	"403"	"Türkiye Barolar Birliği"	"true"	"false"	"false"
"Image"	"false"	"https://cindemirlaw.com/fde1068e3bda46a37dd24126f9ec4b09df0c999365011ec71028e1a7d4c45bfdd0fde1068e3bda46a37dd24126f9ec4b09df0c999365011ec71028e1a7d4c45bfdb0fde1068e3bda46a37dd24126f9ec4b09df0c999365011ec71028e1a7d4c45bf/?lang=ru"	"200"	"https://d.barobirlik.org.tr/amblem/tbb_amblem_60.png"	"403"	"Türkiye Barolar Birliği"	"true"	"false"	"false"
"Image"	"false"	"https://cindemirlaw.com/turkish-succession-law/"	"200"	"https://d.barobirlik.org.tr/amblem/tbb_amblem_60.png"	"403"	"Türkiye Barolar Birliği"	"true"	"false"	"false"
"Image"	"false"	"https://cindemirlaw.com/%D0%BF%D1%80%D0%B0%D0%B2%D0%B0-%D0%B8-%D0%BE%D0%B1%D1%8F%D0%B7%D0%B0%D0%BD%D0%BD%D0%BE%D1%81%D1%82%D0%B8/?lang=ru"	"200"	"https://d.barobirlik.org.tr/amblem/tbb_amblem_60.png"	"403"	"Türkiye Barolar Birliği"	"true"	"false"	"false"
"Image"	"false"	"https://cindemirlaw.com/online-appointment-booking/"	"200"	"https://d.barobirlik.org.tr/amblem/tbb_amblem_60.png"	"403"	"Türkiye Barolar Birliği"	"true"	"false"	"false"
"Image"	"false"	"https://cindemirlaw.com/fde1068e3bda46a37dd24126f9ec4b09df0c999365011ec71028e1a7d4c45bfdd1fde1068e3bda46a37dd24126f9ec4b09df0c999365011ec71028e1a7d4c45bfd83fde1068e3bda46a37dd24126f9ec4b09df0c999365011ec71028e1a7d4c45bf-2/?lang=ru"	"200"	"https://d.barobirlik.org.tr/amblem/tbb_amblem_60.png"	"403"	"Türkiye Barolar Birliği"	"true"	"false"	"false"
"Image"	"false"	"https://cindemirlaw.com/eu-ai-act-prohibited-practices-and-compliance-obligations/"	"200"	"https://d.barobirlik.org.tr/amblem/tbb_amblem_60.png"	"403"	"Türkiye Barolar Birliği"	"true"	"false"	"false"
"Image"	"false"	"https://cindemirlaw.com/child-abduction-and-retention-under-turkish-law/"	"200"	"https://d.barobirlik.org.tr/amblem/tbb_amblem_60.png"	"403"	"Türkiye Barolar Birliği"	"true"	"false"	"false"
"Image"	"false"	"https://cindemirlaw.com/enforcement-of-promissory-notes-bills-of-exchange-and-cheques-in-turkey/?lang=ru"	"200"	"https://d.barobirlik.org.tr/amblem/tbb_amblem_60.png"	"403"	"Türkiye Barolar Birliği"	"true"	"false"	"false"
"Image"	"false"	"https://cindemirlaw.com/fde1068e3bda46a37dd24126f9ec4b09df0c999365011ec71028e1a7d4c45bfdd1fde1068e3bda46a37dd24126f9ec4b09df0c999365011ec71028e1a7d4c45bfd82fde1068e3bda46a37dd24126f9ec4b09df0c999365011ec71028e1a7d4c45bf/?lang=ru"	"200"	"https://d.barobirlik.org.tr/amblem/tbb_amblem_60.png"	"403"	"Türkiye Barolar Birliği"	"true"	"false"	"false"
"Image"	"false"	"https://cindemirlaw.com/offences-of-bodily-harm-under-turkish-law/"	"200"	"https://d.barobirlik.org.tr/amblem/tbb_amblem_60.png"	"403"	"Türkiye Barolar Birliği"	"true"	"false"	"false"
"Image"	"false"	"https://cindemirlaw.com/%D0%B8%D1%81%D0%BA-%D0%BE%D0%B1-%D1%83%D1%81%D1%82%D0%B0%D0%BD%D0%BE%D0%B2%D0%BB%D0%B5%D0%BD%D0%B8%D0%B8-%D0%BE%D1%82%D1%86%D0%BE%D0%B2%D1%81%D1%82%D0%B2%D0%B0-%D0%B2-%D1%82%D1%83%D1%80%D1%86%D0%B8/?lang=ru"	"200"	"https://d.barobirlik.org.tr/amblem/tbb_amblem_60.png"	"403"	"Türkiye Barolar Birliği"	"true"	"false"	"false"
"Image"	"false"	"https://cindemirlaw.com/hakan-cindemir-2/"	"200"	"https://d.barobirlik.org.tr/amblem/tbb_amblem_60.png"	"403"	"Türkiye Barolar Birliği"	"true"	"false"	"false"
"Image"	"false"	"https://cindemirlaw.com/basic-principles-of-turkish-labor-law/"	"200"	"https://d.barobirlik.org.tr/amblem/tbb_amblem_60.png"	"403"	"Türkiye Barolar Birliği"	"true"	"false"	"false"
"Image"	"false"	"https://cindemirlaw.com/%D1%80%D1%83%D1%81%D1%81%D0%BA%D0%BE%D1%8F%D0%B7%D1%8B%D1%87%D0%BD%D1%8B%D0%B9-%D1%8E%D1%80%D0%B8%D1%81%D1%82-%D0%B2-%D1%82%D1%83%D1%80%D1%86%D0%B8%D0%B8-%D1%8E%D1%80%D0%B8%D0%B4%D0%B8%D1%87/?lang=ru"	"200"	"https://d.barobirlik.org.tr/amblem/tbb_amblem_60.png"	"403"	"Türkiye Barolar Birliği"	"true"	"false"	"false"
"Image"	"false"	"https://cindemirlaw.com/fde1068e3bda46a37dd24126f9ec4b09df0c999365011ec71028e1a7d4c45bfdd0fde1068e3bda46a37dd24126f9ec4b09df0c999365011ec71028e1a7d4c45bfdb7fde1068e3bda46a37dd24126f9ec4b09df0c999365011ec71028e1a7d4c45bf/?lang=ru"	"200"	"https://d.barobirlik.org.tr/amblem/tbb_amblem_60.png"	"403"	"Türkiye Barolar Birliği"	"true"	"false"	"false"
"Image"	"false"	"https://cindemirlaw.com/%D0%BE%D1%82%D0%BA%D1%80%D1%8B%D1%82%D0%B8%D0%B5-%D0%B1%D0%B0%D0%BD%D0%BA%D0%BE%D0%B2%D1%81%D0%BA%D0%BE%D0%B3%D0%BE-%D1%81%D1%87%D0%B5%D1%82%D0%B0-%D0%B4%D0%BB%D1%8F-%D1%80%D0%BE%D1%81%D1%81%D0%B8/?lang=ru"	"200"	"https://d.barobirlik.org.tr/amblem/tbb_amblem_60.png"	"403"	"Türkiye Barolar Birliği"	"true"	"false"	"false"
"Image"	"false"	"https://cindemirlaw.com/personal-injury-liability-in-turkey/"	"200"	"https://d.barobirlik.org.tr/amblem/tbb_amblem_60.png"	"403"	"Türkiye Barolar Birliği"	"true"	"false"	"false"
"Image"	"false"	"https://cindemirlaw.com/enforcement-of-a-foreign-iran-judgment-in-turkey/"	"200"	"https://d.barobirlik.org.tr/amblem/tbb_amblem_60.png"	"403"	"Türkiye Barolar Birliği"	"true"	"false"	"false"
"Image"	"false"	"https://cindemirlaw.com/escrow-in-turkey/"	"200"	"https://d.barobirlik.org.tr/amblem/tbb_amblem_60.png"	"403"	"Türkiye Barolar Birliği"	"true"	"false"	"false"
"Image"	"false"	"https://cindemirlaw.com/enforcement-of-a-foreign-poland-judgment-in-turkey/"	"200"	"https://d.barobirlik.org.tr/amblem/tbb_amblem_60.png"	"403"	"Türkiye Barolar Birliği"	"true"	"false"	"false"
"Image"	"false"	"https://cindemirlaw.com/fde1068e3bda46a37dd24126f9ec4b09df0c999365011ec71028e1a7d4c45bfdd0fde1068e3bda46a37dd24126f9ec4b09df0c999365011ec71028e1a7d4c45bfdb1fde1068e3bda46a37dd24126f9ec4b09df0c999365011ec71028e1a7d4c45bf/?lang=ru"	"200"	"https://d.barobirlik.org.tr/amblem/tbb_amblem_60.png"	"403"	"Türkiye Barolar Birliği"	"true"	"false"	"false"
"Image"	"false"	"https://cindemirlaw.com/turkish-law-of-torts/"	"200"	"https://d.barobirlik.org.tr/amblem/tbb_amblem_60.png"	"403"	"Türkiye Barolar Birliği"	"true"	"false"	"false"
"Image"	"false"	"https://cindemirlaw.com/insurance/"	"200"	"https://d.barobirlik.org.tr/amblem/tbb_amblem_60.png"	"403"	"Türkiye Barolar Birliği"	"true"	"false"	"false"
"Image"	"false"	"https://cindemirlaw.com/definition-regarding-conflict-of-laws-in-turkey/"	"200"	"https://d.barobirlik.org.tr/amblem/tbb_amblem_60.png"	"403"	"Türkiye Barolar Birliği"	"true"	"false"	"false"
"Image"	"false"	"https://cindemirlaw.com/team/?lang=ru"	"200"	"https://d.barobirlik.org.tr/amblem/tbb_amblem_60.png"	"403"	"Türkiye Barolar Birliği"	"true"	"false"	"false"
"Image"	"false"	"https://cindemirlaw.com/legal-status-of-late-registered-turkish-citizens-concerning-military-service-obligations-under-law-no-7179/"	"200"	"https://d.barobirlik.org.tr/amblem/tbb_amblem_60.png"	"403"	"Türkiye Barolar Birliği"	"true"	"false"	"false"
"Image"	"false"	"https://cindemirlaw.com/getting-criminal-record-in-turkey/"	"200"	"https://d.barobirlik.org.tr/amblem/tbb_amblem_60.png"	"403"	"Türkiye Barolar Birliği"	"true"	"false"	"false"
"Image"	"false"	"https://cindemirlaw.com/enforcement-of-a-foreign-romania-judgment-in-turkey/"	"200"	"https://d.barobirlik.org.tr/amblem/tbb_amblem_60.png"	"403"	"Türkiye Barolar Birliği"	"true"	"false"	"false"
"Image"	"false"	"https://cindemirlaw.com/internet-blackmail-and-turkish-criminal-law/"	"200"	"https://d.barobirlik.org.tr/amblem/tbb_amblem_60.png"	"403"	"Türkiye Barolar Birliği"	"true"	"false"	"false"
"Image"	"false"	"https://cindemirlaw.com/due-dilligence/"	"200"	"https://d.barobirlik.org.tr/amblem/tbb_amblem_60.png"	"403"	"Türkiye Barolar Birliği"	"true"	"false"	"false"
"Image"	"false"	"https://cindemirlaw.com/crypto-asset-issuers-under-turkish-law/"	"200"	"https://d.barobirlik.org.tr/amblem/tbb_amblem_60.png"	"403"	"Türkiye Barolar Birliği"	"true"	"false"	"false"
"Image"	"false"	"https://cindemirlaw.com/debt-collection-service/"	"200"	"https://d.barobirlik.org.tr/amblem/tbb_amblem_60.png"	"403"	"Türkiye Barolar Birliği"	"true"	"false"	"false"
"Image"	"false"	"https://cindemirlaw.com/p91/"	"200"	"https://d.barobirlik.org.tr/amblem/tbb_amblem_60.png"	"403"	"Türkiye Barolar Birliği"	"true"	"false"	"false"
"Image"	"false"	"https://cindemirlaw.com/airport-customs-seizures-and-smuggling-offences-under-turkish-law/"	"200"	"https://d.barobirlik.org.tr/amblem/tbb_amblem_60.png"	"403"	"Türkiye Barolar Birliği"	"true"	"false"	"false"
"Image"	"false"	"https://cindemirlaw.com/gokhan-cindemir-attorney-at-law-2-2/?lang=zh-hans"	"200"	"https://cindemirlaw.com/chinese/wp-content/uploads/2014/11/white-1-copy-150x150.jpg"	"404"	"gökhan cindemir"	"true"	"false"	"true"
"Image"	"false"	"https://cindemirlaw.com/car-accident-in-turkey-and-legal-compensation-issues/"	"200"	"https://d.barobirlik.org.tr/amblem/tbb_amblem_60.png"	"403"	"Türkiye Barolar Birliği"	"true"	"false"	"false"
"Image"	"false"	"https://cindemirlaw.com/software-account-services/"	"200"	"https://d.barobirlik.org.tr/amblem/tbb_amblem_60.png"	"403"	"Türkiye Barolar Birliği"	"true"	"false"	"false"
"Image"	"false"	"https://cindemirlaw.com/criminal-law/"	"200"	"https://d.barobirlik.org.tr/amblem/tbb_amblem_60.png"	"403"	"Türkiye Barolar Birliği"	"true"	"false"	"false"
"Image"	"false"	"https://cindemirlaw.com/legal-services-for-digital-asset-businesses/"	"200"	"https://d.barobirlik.org.tr/amblem/tbb_amblem_60.png"	"403"	"Türkiye Barolar Birliği"	"true"	"false"	"false"
"Image"	"false"	"https://cindemirlaw.com/statute-of-limitations-related-to-personal-injury-cases-in-turkey/"	"200"	"https://d.barobirlik.org.tr/amblem/tbb_amblem_60.png"	"403"	"Türkiye Barolar Birliği"	"true"	"false"	"false"
"Image"	"false"	"https://cindemirlaw.com/international-apostille-services-in-turkey/"	"200"	"https://d.barobirlik.org.tr/amblem/tbb_amblem_60.png"	"403"	"Türkiye Barolar Birliği"	"true"	"false"	"false"
"Image"	"false"	"https://cindemirlaw.com/%D0%B3%D1%83%D0%BC%D0%B0%D0%BD%D0%B8%D1%82%D0%B0%D1%80%D0%BD%D1%8B%D0%B9-%D0%B2%D0%B8%D0%B4-%D0%BD%D0%B0-%D0%B6%D0%B8%D1%82%D0%B5%D0%BB%D1%8C%D1%81%D1%82%D0%B2%D0%BE-%D0%B2-%D1%82%D1%83%D1%80%D1%86/?lang=ru"	"200"	"https://d.barobirlik.org.tr/amblem/tbb_amblem_60.png"	"403"	"Türkiye Barolar Birliği"	"true"	"false"	"false"
"Image"	"false"	"https://cindemirlaw.com/cindemir-hukuk-burosu-cindemir-law-office-kusdili-caddesi-osmanaga-mahallesi-artunc-apartmani-no173-34714-kadikoy-istanbul-2/"	"200"	"https://d.barobirlik.org.tr/amblem/tbb_amblem_60.png"	"403"	"Türkiye Barolar Birliği"	"true"	"false"	"false"
"Image"	"false"	"https://cindemirlaw.com/our-press-statement-regarding-keshia-handa/"	"200"	"https://d.barobirlik.org.tr/amblem/tbb_amblem_60.png"	"403"	"Türkiye Barolar Birliği"	"true"	"false"	"false"
"Image"	"false"	"https://cindemirlaw.com/%D1%80%D0%B0%D1%81%D1%81%D0%BB%D0%B5%D0%B4%D0%BE%D0%B2%D0%B0%D0%BD%D0%B8%D0%B5-%D0%BD%D0%B0%D1%81%D0%BB%D0%B5%D0%B4%D1%81%D1%82%D0%B2%D0%B0-%D0%B2-%D1%82%D1%83%D1%80%D1%86%D0%B8%D0%B8-%D1%8E%D1%80/"	"200"	"https://d.barobirlik.org.tr/amblem/tbb_amblem_60.png"	"403"	"Türkiye Barolar Birliği"	"true"	"false"	"false"
"Image"	"false"	"https://cindemirlaw.com/%D1%82%D1%83%D1%80%D0%B8%D1%81%D1%82%D0%B8%D1%87%D0%B5%D1%81%D0%BA%D0%BE%D0%B5-%D0%BF%D1%80%D0%B0%D0%B2%D0%BE-%D0%B2-%D1%82%D1%83%D1%80%D1%86%D0%B8%D0%B8/"	"200"	"https://d.barobirlik.org.tr/amblem/tbb_amblem_60.png"	"403"	"Türkiye Barolar Birliği"	"true"	"false"	"false"
"Image"	"false"	"https://cindemirlaw.com/notice-of-termination-for-employment-contracts-in-turkish-labor-law/"	"200"	"https://d.barobirlik.org.tr/amblem/tbb_amblem_60.png"	"403"	"Türkiye Barolar Birliği"	"true"	"false"	"false"
"Image"	"false"	"https://cindemirlaw.com/obtaining-a-criminal-record-certificate-in-turkey-a-step-by-step-guide/"	"200"	"https://d.barobirlik.org.tr/amblem/tbb_amblem_60.png"	"403"	"Türkiye Barolar Birliği"	"true"	"false"	"false"
"Image"	"false"	"https://cindemirlaw.com/%D1%80%D0%B5%D0%BF%D0%B0%D1%82%D1%80%D0%B8%D0%B0%D1%86%D0%B8%D1%8F-%D0%B0%D0%BA%D1%82%D0%B8%D0%B2%D0%BE%D0%B2-%D0%B2-%D1%82%D1%83%D1%80%D1%86%D0%B8%D1%8E-%D0%B2-2026-%D0%B3%D0%BE%D0%B4%D1%83-%D0%BF/?lang=ru"	"200"	"https://d.barobirlik.org.tr/amblem/tbb_amblem_60.png"	"403"	"Türkiye Barolar Birliği"	"true"	"false"	"false"
"Image"	"false"	"https://cindemirlaw.com/insurance-arbitration-and-compensation-claims-regarding-car-accidents-in-turkey/"	"200"	"https://d.barobirlik.org.tr/amblem/tbb_amblem_60.png"	"403"	"Türkiye Barolar Birliği"	"true"	"false"	"false"
"Image"	"false"	"https://cindemirlaw.com/paternity-in-turkish-law-under-new-turkish-constitution-court-decision/"	"200"	"https://d.barobirlik.org.tr/amblem/tbb_amblem_60.png"	"403"	"Türkiye Barolar Birliği"	"true"	"false"	"false"
"Image"	"false"	"https://cindemirlaw.com/nft-law-in-turkey/"	"200"	"https://d.barobirlik.org.tr/amblem/tbb_amblem_60.png"	"403"	"Türkiye Barolar Birliği"	"true"	"false"	"false"
"Image"	"false"	"https://cindemirlaw.com/about-us/?lang=ru"	"200"	"https://d.barobirlik.org.tr/amblem/tbb_amblem_60.png"	"403"	"Türkiye Barolar Birliği"	"true"	"false"	"false"
"Image"	"false"	"https://cindemirlaw.com/icsid/"	"200"	"https://d.barobirlik.org.tr/amblem/tbb_amblem_60.png"	"403"	"Türkiye Barolar Birliği"	"true"	"false"	"false"
"Image"	"false"	"https://cindemirlaw.com/payment/"	"200"	"https://d.barobirlik.org.tr/amblem/tbb_amblem_60.png"	"403"	"Türkiye Barolar Birliği"	"true"	"false"	"false"
"Image"	"false"	"https://cindemirlaw.com/nominee-directory-services-in-turkey/"	"200"	"https://d.barobirlik.org.tr/amblem/tbb_amblem_60.png"	"403"	"Türkiye Barolar Birliği"	"true"	"false"	"false"
"Image"	"false"	"https://cindemirlaw.com/establishing-a-branch-in-turkey-2/"	"200"	"https://d.barobirlik.org.tr/amblem/tbb_amblem_60.png"	"403"	"Türkiye Barolar Birliği"	"true"	"false"	"false"
"Image"	"false"	"https://cindemirlaw.com/irish-tourist-s-attorney-gokhan-cindemir-s-press-statement/"	"200"	"https://d.barobirlik.org.tr/amblem/tbb_amblem_60.png"	"403"	"Türkiye Barolar Birliği"	"true"	"false"	"false"
"Image"	"false"	"https://cindemirlaw.com/how-to-divorce-in-turkey/"	"200"	"https://d.barobirlik.org.tr/amblem/tbb_amblem_60.png"	"403"	"Türkiye Barolar Birliği"	"true"	"false"	"false"
"Image"	"false"	"https://cindemirlaw.com/consensual-divorce-in-turkey-uncontested-divorce/"	"200"	"https://d.barobirlik.org.tr/amblem/tbb_amblem_60.png"	"403"	"Türkiye Barolar Birliği"	"true"	"false"	"false"
"Image"	"false"	"https://cindemirlaw.com/legal-services-in-sapanca/"	"200"	"https://d.barobirlik.org.tr/amblem/tbb_amblem_60.png"	"403"	"Türkiye Barolar Birliği"	"true"	"false"	"false"
"Image"	"false"	"https://cindemirlaw.com/assistance-for-foreign-families-supporting-inmates-in-turkish-prisons/"	"200"	"https://d.barobirlik.org.tr/amblem/tbb_amblem_60.png"	"403"	"Türkiye Barolar Birliği"	"true"	"false"	"false"
"Image"	"false"	"https://cindemirlaw.com/support/"	"200"	"https://d.barobirlik.org.tr/amblem/tbb_amblem_60.png"	"403"	"Türkiye Barolar Birliği"	"true"	"false"	"false"
"Image"	"false"	"https://cindemirlaw.com/training/"	"200"	"https://d.barobirlik.org.tr/amblem/tbb_amblem_60.png"	"403"	"Türkiye Barolar Birliği"	"true"	"false"	"false"
"Image"	"false"	"https://cindemirlaw.com/independent-certified-public-accountant-financial-consultant-taner-cevik-2/"	"200"	"https://d.barobirlik.org.tr/amblem/tbb_amblem_60.png"	"403"	"Türkiye Barolar Birliği"	"true"	"false"	"false"
"Image"	"false"	"https://cindemirlaw.com/the-scope-of-turkish-labor-law/"	"200"	"https://d.barobirlik.org.tr/amblem/tbb_amblem_60.png"	"403"	"Türkiye Barolar Birliği"	"true"	"false"	"false"
"Image"	"false"	"https://cindemirlaw.com/enforcement-of-a-foreign-decision-in-turkey/"	"200"	"https://d.barobirlik.org.tr/amblem/tbb_amblem_60.png"	"403"	"Türkiye Barolar Birliği"	"true"	"false"	"false"
"Image"	"false"	"https://cindemirlaw.com/link25/?lang=zh-hans"	"200"	"https://d.barobirlik.org.tr/amblem/tbb_amblem_60.png"	"403"	"Türkiye Barolar Birliği"	"true"	"false"	"false"
"Image"	"false"	"https://cindemirlaw.com/website-legal-services/"	"200"	"https://d.barobirlik.org.tr/amblem/tbb_amblem_60.png"	"403"	"Türkiye Barolar Birliği"	"true"	"false"	"false"
"Image"	"false"	"https://cindemirlaw.com/private-international-law-rules/"	"200"	"https://d.barobirlik.org.tr/amblem/tbb_amblem_60.png"	"403"	"Türkiye Barolar Birliği"	"true"	"false"	"false"
"Image"	"false"	"https://cindemirlaw.com/escrow-agency-escrow-agreement/"	"200"	"https://d.barobirlik.org.tr/amblem/tbb_amblem_60.png"	"403"	"Türkiye Barolar Birliği"	"true"	"false"	"false"
"Image"	"false"	"https://cindemirlaw.com/turk-hukukunda-kripto-varliklarin-duzenlenmesi/"	"200"	"https://d.barobirlik.org.tr/amblem/tbb_amblem_60.png"	"403"	"Türkiye Barolar Birliği"	"true"	"false"	"false"
"Image"	"false"	"https://cindemirlaw.com/methods-of-debt-collection-in-the-light-of-turkish-law/"	"200"	"https://d.barobirlik.org.tr/amblem/tbb_amblem_60.png"	"403"	"Türkiye Barolar Birliği"	"true"	"false"	"false"
"Image"	"false"	"https://cindemirlaw.com/introduction-to-jurisdiction-of-divorce-in-turkey/"	"200"	"https://d.barobirlik.org.tr/amblem/tbb_amblem_60.png"	"403"	"Türkiye Barolar Birliği"	"true"	"false"	"false"
"Image"	"false"	"https://cindemirlaw.com/tag/turkish/"	"200"	"https://d.barobirlik.org.tr/amblem/tbb_amblem_60.png"	"403"	"Türkiye Barolar Birliği"	"true"	"true"	"false"
"Image"	"false"	"https://cindemirlaw.com/fde1068e3bda46a37dd24126f9ec4b09df0c999365011ec71028e1a7d4c45bfdd0fde1068e3bda46a37dd24126f9ec4b09df0c999365011ec71028e1a7d4c45bfdbdfde1068e3bda46a37dd24126f9ec4b09df0c999365011ec71028e1a7d4c45bf/?lang=ru"	"200"	"https://d.barobirlik.org.tr/amblem/tbb_amblem_60.png"	"403"	"Türkiye Barolar Birliği"	"true"	"false"	"false"
"Image"	"false"	"https://cindemirlaw.com/alternative-dispute-resolutions-in-turkey/"	"200"	"https://d.barobirlik.org.tr/amblem/tbb_amblem_60.png"	"403"	"Türkiye Barolar Birliği"	"true"	"false"	"false"
"Image"	"false"	"https://cindemirlaw.com/escrow-account-turkey/"	"200"	"https://d.barobirlik.org.tr/amblem/tbb_amblem_60.png"	"403"	"Türkiye Barolar Birliği"	"true"	"false"	"false"
"Image"	"false"	"https://cindemirlaw.com/%D0%B2%D1%82%D0%BE%D1%80%D0%B8%D1%87%D0%BD%D0%B0%D1%8F-%D0%B7%D0%B0%D1%89%D0%B8%D1%82%D0%B0/?lang=ru"	"200"	"https://d.barobirlik.org.tr/amblem/tbb_amblem_60.png"	"403"	"Türkiye Barolar Birliği"	"true"	"false"	"false"
"Image"	"false"	"https://cindemirlaw.com/turkish-procedural-law/"	"200"	"https://d.barobirlik.org.tr/amblem/tbb_amblem_60.png"	"403"	"Türkiye Barolar Birliği"	"true"	"false"	"false"
"Image"	"false"	"https://cindemirlaw.com/international-marriage-certificate-form-b-turkey-marriage-records/"	"200"	"https://d.barobirlik.org.tr/amblem/tbb_amblem_60.png"	"403"	"Türkiye Barolar Birliği"	"true"	"false"	"false"
"Image"	"false"	"https://cindemirlaw.com/%D0%BA%D0%B0%D0%BA-%D0%BF%D0%BE%D0%BB%D1%83%D1%87%D0%B8%D1%82%D1%8C-%D1%81%D1%83%D0%B4%D0%B8%D0%BC%D0%BE%D1%81%D1%82%D1%8C-%D0%B2-%D1%82%D1%83%D1%80%D1%86%D0%B8%D0%B8/?lang=ru"	"200"	"https://d.barobirlik.org.tr/amblem/tbb_amblem_60.png"	"403"	"Türkiye Barolar Birliği"	"true"	"false"	"false"
"Image"	"false"	"https://cindemirlaw.com/wrongful-death-claim-in-turkey-under-turkish-law/"	"200"	"https://d.barobirlik.org.tr/amblem/tbb_amblem_60.png"	"403"	"Türkiye Barolar Birliği"	"true"	"false"	"false"
"Image"	"false"	"https://cindemirlaw.com/crypto-asset-fraud-in-turkey-legal-perspective/"	"200"	"https://d.barobirlik.org.tr/amblem/tbb_amblem_60.png"	"403"	"Türkiye Barolar Birliği"	"true"	"false"	"false"
"Image"	"false"	"https://cindemirlaw.com/narcotic-crimes-drugs-and-cordials-in-turkish-penal-code/"	"200"	"https://d.barobirlik.org.tr/amblem/tbb_amblem_60.png"	"403"	"Türkiye Barolar Birliği"	"true"	"false"	"false"
"Image"	"false"	"https://cindemirlaw.com/title-deeds-in-turkey-a-legal-and-historical-overview/"	"200"	"https://d.barobirlik.org.tr/amblem/tbb_amblem_60.png"	"403"	"Türkiye Barolar Birliği"	"true"	"false"	"false"
"Image"	"false"	"https://cindemirlaw.com/%D1%81%D1%82%D0%B0%D1%82%D1%83%D1%81-%D0%B1%D0%B5%D0%B6%D0%B5%D0%BD%D1%86%D0%B0-%D0%B2-%D1%82%D1%83%D1%80%D1%86%D0%B8%D0%B8/?lang=ru"	"200"	"https://d.barobirlik.org.tr/amblem/tbb_amblem_60.png"	"403"	"Türkiye Barolar Birliği"	"true"	"false"	"false"
"Image"	"false"	"https://cindemirlaw.com/independent-certified-public-accountant-financial-consultant-taner-cevik/"	"200"	"https://d.barobirlik.org.tr/amblem/tbb_amblem_60.png"	"403"	"Türkiye Barolar Birliği"	"true"	"false"	"false"
"Image"	"false"	"https://cindemirlaw.com/deportation-law-in-turkey/"	"200"	"https://d.barobirlik.org.tr/amblem/tbb_amblem_60.png"	"403"	"Türkiye Barolar Birliği"	"true"	"false"	"false"
"Image"	"false"	"https://cindemirlaw.com/gokhan-cindemir-2/"	"200"	"https://d.barobirlik.org.tr/amblem/tbb_amblem_60.png"	"403"	"Türkiye Barolar Birliği"	"true"	"false"	"false"
"Image"	"false"	"https://cindemirlaw.com/ottoman-archival-documents-and-their-role-in-legal-and-historical-investigations/"	"200"	"https://d.barobirlik.org.tr/amblem/tbb_amblem_60.png"	"403"	"Türkiye Barolar Birliği"	"true"	"false"	"false"
"Image"	"false"	"https://cindemirlaw.com/crypto-market-manipulation-and-its-legal-implications-under-turkish-law/"	"200"	"https://d.barobirlik.org.tr/amblem/tbb_amblem_60.png"	"403"	"Türkiye Barolar Birliği"	"true"	"false"	"false"
"Image"	"false"	"https://cindemirlaw.com/antimanual-assistant/"	"200"	"https://d.barobirlik.org.tr/amblem/tbb_amblem_60.png"	"403"	"Türkiye Barolar Birliği"	"true"	"false"	"false"
"Image"	"false"	"https://cindemirlaw.com/appointment/"	"200"	"https://d.barobirlik.org.tr/amblem/tbb_amblem_60.png"	"403"	"Türkiye Barolar Birliği"	"true"	"false"	"false"
"Image"	"false"	"https://cindemirlaw.com/fde1068e3bda46a37dd24126f9ec4b09df0c999365011ec71028e1a7d4c45bfdd0fde1068e3bda46a37dd24126f9ec4b09df0c999365011ec71028e1a7d4c45bfdb6fde1068e3bda46a37dd24126f9ec4b09df0c999365011ec71028e1a7d4c45bf/?lang=ru"	"200"	"https://d.barobirlik.org.tr/amblem/tbb_amblem_60.png"	"403"	"Türkiye Barolar Birliği"	"true"	"false"	"false"
"Image"	"false"	"https://cindemirlaw.com/turkish-lawyer-online-consultancy/"	"200"	"https://d.barobirlik.org.tr/amblem/tbb_amblem_60.png"	"403"	"Türkiye Barolar Birliği"	"true"	"false"	"false"
"Image"	"false"	"https://cindemirlaw.com/%D0%BA%D0%B0%D0%BA-%D1%80%D0%B0%D0%B7%D0%B2%D0%B5%D1%81%D1%82%D0%B8%D1%81%D1%8C-%D0%B2-%D1%82%D1%83%D1%80%D1%86%D0%B8%D0%B8/?lang=ru"	"200"	"https://d.barobirlik.org.tr/amblem/tbb_amblem_60.png"	"403"	"Türkiye Barolar Birliği"	"true"	"false"	"false"
"Image"	"false"	"https://cindemirlaw.com/%D0%BD%D0%B0%D1%81%D0%BB%D0%B5%D0%B4%D1%81%D1%82%D0%B2%D0%B5%D0%BD%D0%BD%D0%BE%D0%B5-%D0%BF%D1%80%D0%B0%D0%B2%D0%BE-%D1%82%D1%83%D1%80%D1%86%D0%B8%D0%B8/?lang=ru"	"200"	"https://d.barobirlik.org.tr/amblem/tbb_amblem_60.png"	"403"	"Türkiye Barolar Birliği"	"true"	"false"	"false"
"Image"	"false"	"https://cindemirlaw.com/irish-boxer-acquitted-in-epic-brawl-case/"	"200"	"https://idsb.tmgrup.com.tr/site/v1/i/daily-sabah-kategori-logo.svg"	"403"	"turkish lawyer"	"true"	"false"	"false"
"Image"	"false"	"https://cindemirlaw.com/fde1068e3bda46a37dd24126f9ec4b09df0c999365011ec71028e1a7d4c45bfdd0fde1068e3bda46a37dd24126f9ec4b09df0c999365011ec71028e1a7d4c45bfdb0fde1068e3bda46a37dd24126f9ec4b09df0c999365011ec71028e1a7d4c45bf-2/"	"200"	"https://cindemirlaw.com/russian/wp-content/uploads/2014/11/white-5-copy-150x150.jpg"	"404"	"Cindemir Law Office"	"true"	"false"	"true"
"Image"	"false"	"https://cindemirlaw.com/verdict-rendered-for-the-unbelievable-accident-killing-a-tour-guide-hurriyet-newspaper/"	"200"	"https://d.barobirlik.org.tr/amblem/tbb_amblem_60.png"	"403"	"Türkiye Barolar Birliği"	"true"	"false"	"false"
"Image"	"false"	"https://cindemirlaw.com/our-articles-3/"	"200"	"https://d.barobirlik.org.tr/amblem/tbb_amblem_60.png"	"403"	"Türkiye Barolar Birliği"	"true"	"false"	"false"
"Image"	"false"	"https://cindemirlaw.com/pig-butchering-cryptocurrency-scam-key-risks-and-legal-considerations-for-investors-in-turkey/?lang=ru"	"200"	"https://d.barobirlik.org.tr/amblem/tbb_amblem_60.png"	"403"	"Türkiye Barolar Birliği"	"true"	"false"	"false"
"Image"	"false"	"https://cindemirlaw.com/international-death-certificate-form-c-and-procedures-for-obtaining-in-turkey/"	"200"	"https://d.barobirlik.org.tr/amblem/tbb_amblem_60.png"	"403"	"Türkiye Barolar Birliği"	"true"	"false"	"false"
"Image"	"false"	"https://cindemirlaw.com/provisions-of-custody-under-turkish-civil-code/"	"200"	"https://d.barobirlik.org.tr/amblem/tbb_amblem_60.png"	"403"	"Türkiye Barolar Birliği"	"true"	"false"	"false"
"Image"	"false"	"https://cindemirlaw.com/starting-a-company-in-turkey-a-comprehensive-guide-for-entrepreneurs/"	"200"	"https://d.barobirlik.org.tr/amblem/tbb_amblem_60.png"	"403"	"Türkiye Barolar Birliği"	"true"	"false"	"false"
"Image"	"false"	"https://cindemirlaw.com/energy-law-and-investment/"	"200"	"https://d.barobirlik.org.tr/amblem/tbb_amblem_60.png"	"403"	"Türkiye Barolar Birliği"	"true"	"false"	"false"
"Image"	"false"	"https://cindemirlaw.com/turkish-companies-before-the-court-of-justice-of-the-european-union/"	"200"	"https://d.barobirlik.org.tr/amblem/tbb_amblem_60.png"	"403"	"Türkiye Barolar Birliği"	"true"	"false"	"false"
"Image"	"false"	"https://cindemirlaw.com/link13/?lang=zh-hans"	"200"	"https://d.barobirlik.org.tr/amblem/tbb_amblem_60.png"	"403"	"Türkiye Barolar Birliği"	"true"	"false"	"false"
"Image"	"false"	"https://cindemirlaw.com/how-to-apply-to-the-european-court-of-human-rights-echr-legal-conditions-and-procedure/"	"200"	"https://d.barobirlik.org.tr/amblem/tbb_amblem_60.png"	"403"	"Türkiye Barolar Birliği"	"true"	"false"	"false"
"Image"	"false"	"https://cindemirlaw.com/%D0%BF%D0%BE%D1%81%D0%B5%D1%89%D0%B5%D0%BD%D0%B8%D0%B5-%D0%B8%D0%BD%D0%BE%D1%81%D1%82%D1%80%D0%B0%D0%BD%D0%BD%D1%8B%D1%85-%D0%B7%D0%B0%D0%BA%D0%BB%D1%8E%D1%87%D1%91%D0%BD%D0%BD%D1%8B%D1%85-%D0%B2/?lang=ru"	"200"	"https://d.barobirlik.org.tr/amblem/tbb_amblem_60.png"	"403"	"Türkiye Barolar Birliği"	"true"	"false"	"false"
"Image"	"false"	"https://cindemirlaw.com/privacy-policy-in-turkish-law/"	"200"	"https://d.barobirlik.org.tr/amblem/tbb_amblem_60.png"	"403"	"Türkiye Barolar Birliği"	"true"	"false"	"false"
"Image"	"false"	"https://cindemirlaw.com/fde1/?lang=ru"	"200"	"https://d.barobirlik.org.tr/amblem/tbb_amblem_60.png"	"403"	"Türkiye Barolar Birliği"	"true"	"false"	"false"
"Image"	"false"	"https://cindemirlaw.com/"	"200"	"https://d.barobirlik.org.tr/amblem/tbb_amblem_60.png"	"403"	"Türkiye Barolar Birliği"	"true"	"false"	"false"
"Image"	"false"	"https://cindemirlaw.com/hakan/?lang=zh-hans"	"200"	"https://d.barobirlik.org.tr/amblem/tbb_amblem_60.png"	"403"	"Türkiye Barolar Birliği"	"true"	"false"	"false"
"Image"	"false"	"https://cindemirlaw.com/legal-rights-of-foreign-nationals-in-police-custody-in-istanbul/"	"200"	"https://d.barobirlik.org.tr/amblem/tbb_amblem_60.png"	"403"	"Türkiye Barolar Birliği"	"true"	"false"	"false"
"Image"	"false"	"https://cindemirlaw.com/contacts/?lang=zh-hans"	"200"	"https://d.barobirlik.org.tr/amblem/tbb_amblem_60.png"	"403"	"Türkiye Barolar Birliği"	"false"	"false"	"false"
"Image"	"false"	"https://cindemirlaw.com/yabanci-uyruklu-hukumlu-ve-tutuklularin-ziyareti-hakkinda-bilgilendirme/"	"200"	"https://d.barobirlik.org.tr/amblem/tbb_amblem_60.png"	"403"	"Türkiye Barolar Birliği"	"true"	"false"	"false"
"Image"	"false"	"https://cindemirlaw.com/cenker-degirmenci-legal-advisorgeneral-coordinator/"	"200"	"https://d.barobirlik.org.tr/amblem/tbb_amblem_60.png"	"403"	"Türkiye Barolar Birliği"	"true"	"false"	"false"
"Image"	"false"	"https://cindemirlaw.com/trade-law-of-turkey/"	"200"	"https://d.barobirlik.org.tr/amblem/tbb_amblem_60.png"	"403"	"Türkiye Barolar Birliği"	"true"	"false"	"false"
"Image"	"false"	"https://cindemirlaw.com/contacts/"	"200"	"https://d.barobirlik.org.tr/amblem/tbb_amblem_60.png"	"403"	"Türkiye Barolar Birliği"	"true"	"false"	"false"
"Image"	"false"	"https://cindemirlaw.com/about-us/"	"200"	"https://d.barobirlik.org.tr/amblem/tbb_amblem_60.png"	"403"	"Türkiye Barolar Birliği"	"true"	"false"	"false"
"Image"	"false"	"https://cindemirlaw.com/%D0%BF%D1%80%D0%B5%D1%81%D1%82%D1%83%D0%BF%D0%BB%D0%B5%D0%BD%D0%B8%D1%8F-%D1%81-%D0%BA%D1%80%D0%B8%D0%BF%D1%82%D0%BE%D0%B2%D0%B0%D0%BB%D1%8E%D1%82%D0%BE%D0%B9-%D0%B2-%D1%82%D1%83%D1%80%D1%86%D0%B8/"	"200"	"https://d.barobirlik.org.tr/amblem/tbb_amblem_60.png"	"403"	"Türkiye Barolar Birliği"	"true"	"false"	"false"
"Image"	"false"	"https://cindemirlaw.com/hakan-cindemir-attorney-at-law-senior-attorney-of-the-law-office/"	"200"	"https://d.barobirlik.org.tr/amblem/tbb_amblem_60.png"	"403"	"Türkiye Barolar Birliği"	"true"	"false"	"false"
"Image"	"false"	"https://cindemirlaw.com/ottoman-title-deeds-in-turkiye-inheritance-registration-and-land-search/"	"200"	"https://d.barobirlik.org.tr/amblem/tbb_amblem_60.png"	"403"	"Türkiye Barolar Birliği"	"true"	"false"	"false"
"Image"	"false"	"https://cindemirlaw.com/understanding-spks-introduction-guide-for-information-systems-independent-audit/"	"200"	"https://d.barobirlik.org.tr/amblem/tbb_amblem_60.png"	"403"	"Türkiye Barolar Birliği"	"true"	"false"	"false"
"Image"	"false"	"https://cindemirlaw.com/consequences-of-a-divorce-decision-in-turkey/"	"200"	"https://d.barobirlik.org.tr/amblem/tbb_amblem_60.png"	"403"	"Türkiye Barolar Birliği"	"true"	"false"	"false"
"Image"	"false"	"https://cindemirlaw.com/tag/prescription/"	"200"	"https://d.barobirlik.org.tr/amblem/tbb_amblem_60.png"	"403"	"Türkiye Barolar Birliği"	"true"	"true"	"false"
"Image"	"false"	"https://cindemirlaw.com/malpractice-cases-in-turkey/"	"200"	"https://d.barobirlik.org.tr/amblem/tbb_amblem_60.png"	"403"	"Türkiye Barolar Birliği"	"true"	"false"	"false"
"Image"	"false"	"https://cindemirlaw.com/market-abuse-in-the-crypto-asset-market-in-turkey/"	"200"	"https://d.barobirlik.org.tr/amblem/tbb_amblem_60.png"	"403"	"Türkiye Barolar Birliği"	"true"	"false"	"false"
"Image"	"false"	"https://cindemirlaw.com/%D0%B2%D0%B8%D0%B4%D1%8B-%D0%BA%D0%BE%D0%BC%D0%BF%D0%B0%D0%BD%D0%B8%D0%B8-%D0%B2-%D1%82%D1%83%D1%80%D1%86%D0%B8%D0%B8/?lang=ru"	"200"	"https://d.barobirlik.org.tr/amblem/tbb_amblem_60.png"	"403"	"Türkiye Barolar Birliği"	"true"	"false"	"false"
"Image"	"false"	"https://cindemirlaw.com/regulatory-landscape-for-crypto-asset-trading-platforms-in-turkey/"	"200"	"https://d.barobirlik.org.tr/amblem/tbb_amblem_60.png"	"403"	"Türkiye Barolar Birliği"	"true"	"false"	"false"
"Image"	"false"	"https://cindemirlaw.com/some-notes-about-opening-a-bank-account-for-a-foreign-company-in-turkey/"	"200"	"https://d.barobirlik.org.tr/amblem/tbb_amblem_60.png"	"403"	"Türkiye Barolar Birliği"	"true"	"false"	"false"
"Image"	"false"	"https://cindemirlaw.com/%D0%BA%D0%BE%D0%BC%D0%BF%D0%B5%D0%BD%D1%81%D0%B0%D1%86%D0%B8%D0%B8-%D0%BF%D0%BE%D0%BB%D0%BE%D0%B6%D0%B5%D0%BD%D0%BD%D1%8B%D0%B5-%D0%B2-%D1%80%D0%B5%D0%B7%D1%83%D0%BB%D1%8C%D1%82%D0%B0%D1%82%D0%B5/?lang=ru"	"200"	"https://d.barobirlik.org.tr/amblem/tbb_amblem_60.png"	"403"	"Türkiye Barolar Birliği"	"true"	"false"	"false"
"Image"	"false"	"https://cindemirlaw.com/international-private-law-and-conventions-that-turkey-is-party/"	"200"	"https://d.barobirlik.org.tr/amblem/tbb_amblem_60.png"	"403"	"Türkiye Barolar Birliği"	"true"	"false"	"false"
"Image"	"false"	"https://cindemirlaw.com/fde1068e3bda46a37dd24126f9ec4b09df0c999365011ec71028e1a7d4c45bfdd0fde1068e3bda46a37dd24126f9ec4b09df0c999365011ec71028e1a7d4c45bfdb0fde1068e3bda46a37dd24126f9ec4b09df0c999365011ec71028e1a7d4c45bf-2/"	"200"	"https://d.barobirlik.org.tr/amblem/tbb_amblem_60.png"	"403"	"Türkiye Barolar Birliği"	"true"	"false"	"false"
"Image"	"false"	"https://cindemirlaw.com/legal-assistance-for-foreign-lawyers-visiting-prisoners-in-turkey/"	"200"	"https://d.barobirlik.org.tr/amblem/tbb_amblem_60.png"	"403"	"Türkiye Barolar Birliği"	"true"	"false"	"false"
"Image"	"false"	"https://cindemirlaw.com/plastic-surgery-malpractice-in-turkish-law/"	"200"	"https://d.barobirlik.org.tr/amblem/tbb_amblem_60.png"	"403"	"Türkiye Barolar Birliği"	"true"	"false"	"false"
"Image"	"false"	"https://cindemirlaw.com/tort-law-in-turkey/"	"200"	"https://d.barobirlik.org.tr/amblem/tbb_amblem_60.png"	"403"	"Türkiye Barolar Birliği"	"true"	"false"	"false"
"Image"	"false"	"https://cindemirlaw.com/bank-account-opening-in-turkey-for-russian-companies/"	"200"	"https://d.barobirlik.org.tr/amblem/tbb_amblem_60.png"	"403"	"Türkiye Barolar Birliği"	"true"	"false"	"false"
"Image"	"false"	"https://cindemirlaw.com/cautio-judicatum-solvi-security-payment-under-turkish-international-private-law/"	"200"	"https://d.barobirlik.org.tr/amblem/tbb_amblem_60.png"	"403"	"Türkiye Barolar Birliği"	"true"	"false"	"false"
"Image"	"false"	"https://cindemirlaw.com/overcoming-the-5-year-entry-ban-in-turkey-a-path-to-redemption/"	"200"	"https://d.barobirlik.org.tr/amblem/tbb_amblem_60.png"	"403"	"Türkiye Barolar Birliği"	"true"	"false"	"false"
"Image"	"false"	"https://cindemirlaw.com/eu-representative-services-for-non-eu-companies-under-the-gdpr/"	"200"	"https://d.barobirlik.org.tr/amblem/tbb_amblem_60.png"	"403"	"Türkiye Barolar Birliği"	"true"	"false"	"false"
"Image"	"false"	"https://cindemirlaw.com/employment/"	"200"	"https://d.barobirlik.org.tr/amblem/tbb_amblem_60.png"	"403"	"Türkiye Barolar Birliği"	"true"	"false"	"false"
"Image"	"false"	"https://cindemirlaw.com/?lang=ru"	"200"	"https://d.barobirlik.org.tr/amblem/tbb_amblem_60.png"	"403"	"Türkiye Barolar Birliği"	"true"	"false"	"false"
"Image"	"false"	"https://cindemirlaw.com/fde1068e3bda46a37dd24126f9ec4b09df0c999365011ec71028e1a7d4c45bfdd0fde1068e3bda46a37dd24126f9ec4b09df0c999365011ec71028e1a7d4c45bfdbdfde1068e3bda46a37dd24126f9ec4b09df0c999365011ec71028e1a7d4c45bf-2/?lang=ru"	"200"	"https://d.barobirlik.org.tr/amblem/tbb_amblem_60.png"	"403"	"Türkiye Barolar Birliği"	"true"	"false"	"false"
"Image"	"false"	"https://cindemirlaw.com/gokhan-cindemir-3/"	"200"	"https://d.barobirlik.org.tr/amblem/tbb_amblem_60.png"	"403"	"Türkiye Barolar Birliği"	"true"	"false"	"false"
"Image"	"false"	"https://cindemirlaw.com/free-trade-zone-company-in-turkey/"	"200"	"https://d.barobirlik.org.tr/amblem/tbb_amblem_60.png"	"403"	"Türkiye Barolar Birliği"	"true"	"false"	"false"
"Image"	"false"	"https://cindemirlaw.com/enforcement-of-foreign-judgments-austria-in-turkey/"	"200"	"https://d.barobirlik.org.tr/amblem/tbb_amblem_60.png"	"403"	"Türkiye Barolar Birliği"	"true"	"false"	"false"
"Image"	"false"	"https://cindemirlaw.com/kontak/"	"200"	"https://d.barobirlik.org.tr/amblem/tbb_amblem_60.png"	"403"	"Türkiye Barolar Birliği"	"true"	"false"	"false"
"Image"	"false"	"https://cindemirlaw.com/litigation-adr/"	"200"	"https://d.barobirlik.org.tr/amblem/tbb_amblem_60.png"	"403"	"Türkiye Barolar Birliği"	"true"	"false"	"false"
"Image"	"false"	"https://cindemirlaw.com/fde1068e3bda46a37dd24126f9ec4b09df0c999365011ec71028e1a7d4c45bfdd1fde1068e3bda46a37dd24126f9ec4b09df0c999365011ec71028e1a7d4c45bfd82fde1068e3bda46a37dd24126f9ec4b09df0c999365011ec71028e1a7d4c45bf-2/?lang=ru"	"200"	"https://d.barobirlik.org.tr/amblem/tbb_amblem_60.png"	"403"	"Türkiye Barolar Birliği"	"true"	"false"	"false"
"Image"	"false"	"https://cindemirlaw.com/cindemir-law-3/"	"200"	"https://d.barobirlik.org.tr/amblem/tbb_amblem_60.png"	"403"	"Türkiye Barolar Birliği"	"true"	"false"	"false"
"Image"	"false"	"https://cindemirlaw.com/unfair-competition-in-turkey-understanding-the-issues-and-finding-solutions/"	"200"	"https://d.barobirlik.org.tr/amblem/tbb_amblem_60.png"	"403"	"Türkiye Barolar Birliği"	"true"	"false"	"false"
"Image"	"false"	"https://cindemirlaw.com/%D0%BD%D0%B0%D1%81%D0%BB%D0%B5%D0%B4%D1%81%D1%82%D0%B2%D0%B5%D0%BD%D0%BD%D0%BE%D0%B5-%D0%BF%D1%80%D0%B0%D0%B2%D0%BE-%D1%82%D1%83%D1%80%D1%86%D0%B8%D0%B8-2/?lang=ru"	"200"	"https://d.barobirlik.org.tr/amblem/tbb_amblem_60.png"	"403"	"Türkiye Barolar Birliği"	"true"	"false"	"false"
"Image"	"false"	"https://cindemirlaw.com/banking-finance/"	"200"	"https://d.barobirlik.org.tr/amblem/tbb_amblem_60.png"	"403"	"Türkiye Barolar Birliği"	"true"	"false"	"false"
"Image"	"false"	"https://cindemirlaw.com/personal-injury-and-car-accidents-under-turkish-law/"	"200"	"https://d.barobirlik.org.tr/amblem/tbb_amblem_60.png"	"403"	"Türkiye Barolar Birliği"	"true"	"false"	"false"
"Image"	"false"	"https://cindemirlaw.com/turkey-asset-repatriation-2026-legal-framework-for-bringing-foreign-assets-to-turkey/"	"200"	"https://d.barobirlik.org.tr/amblem/tbb_amblem_60.png"	"403"	"Türkiye Barolar Birliği"	"true"	"false"	"false"
"Image"	"false"	"https://cindemirlaw.com/%D0%BE%D1%82%D0%BA%D1%80%D1%8B%D1%82%D0%B8%D0%B5-%D0%B1%D0%B0%D0%BD%D0%BA%D0%BE%D0%B2%D1%81%D0%BA%D0%BE%D0%B3%D0%BE-%D1%81%D1%87%D0%B5%D1%82%D0%B0-%D0%B2-%D1%82%D1%83%D1%80%D1%86%D0%B8%D0%B8/?lang=ru"	"200"	"https://d.barobirlik.org.tr/amblem/tbb_amblem_60.png"	"403"	"Türkiye Barolar Birliği"	"true"	"false"	"false"
"Image"	"false"	"https://cindemirlaw.com/%D0%BA%D0%B0%D0%BA-%D0%BF%D0%BE%D0%BB%D1%83%D1%87%D0%B8%D1%82%D1%8C-%D1%81%D0%BF%D1%80%D0%B0%D0%B2%D0%BA%D1%83-%D0%BE-%D0%BD%D0%B0%D0%BB%D0%B8%D1%87%D0%B8%D0%B8-%D1%81%D1%83%D0%B4%D0%B8%D0%BC%D0%BE/?lang=ru"	"200"	"https://d.barobirlik.org.tr/amblem/tbb_amblem_60.png"	"403"	"Türkiye Barolar Birliği"	"true"	"false"	"false"
"Image"	"false"	"https://cindemirlaw.com/accidents-on-the-road-in-turkey-car-crashes-traffic-accidents/"	"200"	"https://d.barobirlik.org.tr/amblem/tbb_amblem_60.png"	"403"	"Türkiye Barolar Birliği"	"true"	"false"	"false"
"Image"	"false"	"https://cindemirlaw.com/debt-recovery-in-turkey/"	"200"	"https://d.barobirlik.org.tr/amblem/tbb_amblem_60.png"	"403"	"Türkiye Barolar Birliği"	"true"	"false"	"false"
"Image"	"false"	"https://cindemirlaw.com/legal-opinion-and-expert-opinion-in-turkey-why-the-distinction-matters/"	"200"	"https://d.barobirlik.org.tr/amblem/tbb_amblem_60.png"	"403"	"Türkiye Barolar Birliği"	"true"	"false"	"false"
"Image"	"false"	"https://cindemirlaw.com/eu-legal-representative-services-for-ai-companies-outside-the-european-union/"	"200"	"https://d.barobirlik.org.tr/amblem/tbb_amblem_60.png"	"403"	"Türkiye Barolar Birliği"	"true"	"false"	"false"
"Image"	"false"	"https://cindemirlaw.com/cisg-in-turkey-international-sale-of-goods-disputes-and-legal-framework/"	"200"	"https://d.barobirlik.org.tr/amblem/tbb_amblem_60.png"	"403"	"Türkiye Barolar Birliği"	"true"	"false"	"false"
"Image"	"false"	"https://cindemirlaw.com/%D1%83%D0%B4%D0%B0%D0%BB%D0%B5%D0%BD%D0%B8%D0%B5-%D1%81%D1%83%D0%B4%D0%B8%D0%BC%D0%BE%D1%81%D1%82%D0%B8-%D0%B2-%D1%82%D1%83%D1%80%D1%86%D0%B8%D0%B8-%D0%B4%D0%BB%D1%8F-%D0%B8%D0%BD%D0%BE%D1%81%D1%82/?lang=ru"	"200"	"https://d.barobirlik.org.tr/amblem/tbb_amblem_60.png"	"403"	"Türkiye Barolar Birliği"	"true"	"false"	"false"
"Image"	"false"	"https://cindemirlaw.com/services/?lang=ru"	"200"	"https://d.barobirlik.org.tr/amblem/tbb_amblem_60.png"	"403"	"Türkiye Barolar Birliği"	"true"	"false"	"false"
"Image"	"false"	"https://cindemirlaw.com/legal-alert-new-regulation-on-timeshare-rights-in-turkey-7-day-minimum-period-introduced/"	"200"	"https://d.barobirlik.org.tr/amblem/tbb_amblem_60.png"	"403"	"Türkiye Barolar Birliği"	"true"	"false"	"false"
"Image"	"false"	"https://cindemirlaw.com/hakan-cindemir-3/"	"200"	"https://d.barobirlik.org.tr/amblem/tbb_amblem_60.png"	"403"	"Türkiye Barolar Birliği"	"true"	"false"	"false"
"Image"	"false"	"https://cindemirlaw.com/link9/"	"200"	"https://d.barobirlik.org.tr/amblem/tbb_amblem_60.png"	"403"	"Türkiye Barolar Birliği"	"true"	"false"	"false"
"Image"	"false"	"https://cindemirlaw.com/exit-bans-in-turkey-a-critical-exploration-of-judicial-control/"	"200"	"https://d.barobirlik.org.tr/amblem/tbb_amblem_60.png"	"403"	"Türkiye Barolar Birliği"	"true"	"false"	"false"
"Image"	"false"	"https://cindemirlaw.com/tag/injury/"	"200"	"https://d.barobirlik.org.tr/amblem/tbb_amblem_60.png"	"403"	"Türkiye Barolar Birliği"	"true"	"true"	"false"
"Image"	"false"	"https://cindemirlaw.com/inheritance-investigation-in-turkey-guiding-international-heirs-through-a-complex-process/"	"200"	"https://d.barobirlik.org.tr/amblem/tbb_amblem_60.png"	"403"	"Türkiye Barolar Birliği"	"true"	"false"	"false"
"Image"	"false"	"https://cindemirlaw.com/legal-affidavit-preparation-in-turkey/"	"200"	"https://d.barobirlik.org.tr/amblem/tbb_amblem_60.png"	"403"	"Türkiye Barolar Birliği"	"true"	"false"	"false"
"Image"	"false"	"https://cindemirlaw.com/articles/?lang=zh-hans"	"200"	"https://d.barobirlik.org.tr/amblem/tbb_amblem_60.png"	"403"	"Türkiye Barolar Birliği"	"true"	"false"	"false"
"Image"	"false"	"https://cindemirlaw.com/turkish-inheritance-law/"	"200"	"https://d.barobirlik.org.tr/amblem/tbb_amblem_60.png"	"403"	"Türkiye Barolar Birliği"	"true"	"false"	"false"
"Image"	"false"	"https://cindemirlaw.com/enforcement-and-recognition-of-foreign-arbitral-awards-in-turkey/"	"200"	"https://d.barobirlik.org.tr/amblem/tbb_amblem_60.png"	"403"	"Türkiye Barolar Birliği"	"true"	"false"	"false"
"Image"	"false"	"https://cindemirlaw.com/about-us/?lang=zh-hans"	"200"	"https://d.barobirlik.org.tr/amblem/tbb_amblem_60.png"	"403"	"Türkiye Barolar Birliği"	"true"	"false"	"false"
"Image"	"false"	"https://cindemirlaw.com/cindemir-law/"	"200"	"https://d.barobirlik.org.tr/amblem/tbb_amblem_60.png"	"403"	"Türkiye Barolar Birliği"	"true"	"false"	"false"
"Image"	"false"	"https://cindemirlaw.com/%D0%BE%D1%82%D0%BA%D1%80%D1%8B%D1%82%D0%B8%D0%B5-%D0%B1%D0%B0%D0%BD%D0%BA%D0%BE%D0%B2%D1%81%D0%BA%D0%BE%D0%B3%D0%BE-%D1%81%D1%87%D0%B5%D1%82%D0%B0-%D1%80%D1%83%D1%81%D1%81%D0%BA%D0%B8%D0%BC%D0%B8/?lang=ru"	"200"	"https://d.barobirlik.org.tr/amblem/tbb_amblem_60.png"	"403"	"Türkiye Barolar Birliği"	"true"	"false"	"false"
"Image"	"false"	"https://cindemirlaw.com/fde1068e/?lang=ru"	"200"	"https://d.barobirlik.org.tr/amblem/tbb_amblem_60.png"	"403"	"Türkiye Barolar Birliği"	"true"	"false"	"false"
"Image"	"false"	"https://cindemirlaw.com/sales-of-real-estate-to-foreigners-in-turkey/"	"200"	"https://d.barobirlik.org.tr/amblem/tbb_amblem_60.png"	"403"	"Türkiye Barolar Birliği"	"true"	"false"	"false"
"Image"	"false"	"https://cindemirlaw.com/fde1068e3bda46a37dd24126f9ec4b09df0c999365011ec71028e1a7d4c45bfdd0fde1068e3bda46a37dd24126f9ec4b09df0c999365011ec71028e1a7d4c45bfdb3fde1068e3bda46a37dd24126f9ec4b09df0c999365011ec71028e1a7d4c45bf/?lang=ru"	"200"	"https://d.barobirlik.org.tr/amblem/tbb_amblem_60.png"	"403"	"Türkiye Barolar Birliği"	"true"	"false"	"false"
"Image"	"false"	"https://cindemirlaw.com/interim-injunctions-in-turkish-law/"	"200"	"https://d.barobirlik.org.tr/amblem/tbb_amblem_60.png"	"403"	"Türkiye Barolar Birliği"	"true"	"false"	"false"
"Image"	"false"	"https://cindemirlaw.com/re-employment-lawsuit/"	"200"	"https://d.barobirlik.org.tr/amblem/tbb_amblem_60.png"	"403"	"Türkiye Barolar Birliği"	"true"	"false"	"false"
"Image"	"false"	"https://cindemirlaw.com/intentional-killing-under-turkish-law/"	"200"	"https://d.barobirlik.org.tr/amblem/tbb_amblem_60.png"	"403"	"Türkiye Barolar Birliği"	"true"	"false"	"false"
"Image"	"false"	"https://cindemirlaw.com/labor-contract-termination-with-just-cause/"	"200"	"https://d.barobirlik.org.tr/amblem/tbb_amblem_60.png"	"403"	"Türkiye Barolar Birliği"	"true"	"false"	"false"
"Image"	"false"	"https://cindemirlaw.com/liquidation-in-turkey/"	"200"	"https://d.barobirlik.org.tr/amblem/tbb_amblem_60.png"	"403"	"Türkiye Barolar Birliği"	"true"	"false"	"false"
"Image"	"false"	"https://cindemirlaw.com/fde1068e3bda46a37dd24126f9ec4b09df0c999365011ec71028e1a7d4c45bfdd1fde1068e3bda46a37dd24126f9ec4b09df0c999365011ec71028e1a7d4c45bfd81fde1068e3bda46a37dd24126f9ec4b09df0c999365011ec71028e1a7d4c45bf-2/?lang=ru"	"200"	"https://d.barobirlik.org.tr/amblem/tbb_amblem_60.png"	"403"	"Türkiye Barolar Birliği"	"true"	"false"	"false"
"Image"	"false"	"https://cindemirlaw.com/%D0%BA%D0%B0%D0%BA-%D0%BE%D1%82%D0%BA%D1%80%D1%8B%D1%82%D1%8C-%D1%84%D0%B8%D0%BB%D0%B8%D0%B0%D0%BB-%D0%B2-%D1%82%D1%83%D1%80%D1%86%D0%B8%D0%B8/?lang=ru"	"200"	"https://d.barobirlik.org.tr/amblem/tbb_amblem_60.png"	"403"	"Türkiye Barolar Birliği"	"true"	"false"	"false"
"Image"	"false"	"https://cindemirlaw.com/team/?lang=zh-hans"	"200"	"https://d.barobirlik.org.tr/amblem/tbb_amblem_60.png"	"403"	"Türkiye Barolar Birliği"	"true"	"false"	"false"
"Image"	"false"	"https://cindemirlaw.com/fde1068e3bda46a37dd24126f9ec4b09df0c999365011ec71028e1a7d4c45bfdd0fde1068e3bda46a37dd24126f9ec4b09df0c999365011ec71028e1a7d4c45bfdb5fde1068e3bda46a37dd24126f9ec4b09df0c999365011ec71028e1a7d4c45bf/?lang=ru"	"200"	"https://d.barobirlik.org.tr/amblem/tbb_amblem_60.png"	"403"	"Türkiye Barolar Birliği"	"true"	"false"	"false"
"Image"	"false"	"https://cindemirlaw.com/to-file-a-case-in-turkey-petition/"	"200"	"https://d.barobirlik.org.tr/amblem/tbb_amblem_60.png"	"403"	"Türkiye Barolar Birliği"	"true"	"false"	"false"
"Image"	"false"	"https://cindemirlaw.com/migrant-smuggling-and-human-trafficking-under-turkish-law/"	"200"	"https://d.barobirlik.org.tr/amblem/tbb_amblem_60.png"	"403"	"Türkiye Barolar Birliği"	"true"	"false"	"false"
"Image"	"false"	"https://cindemirlaw.com/gokhan-cindemir-attorney-at-law-2/"	"200"	"https://d.barobirlik.org.tr/amblem/tbb_amblem_60.png"	"403"	"Türkiye Barolar Birliği"	"true"	"false"	"false"
"Image"	"false"	"https://cindemirlaw.com/survivor-pension-for-spouses-of-deceased-turkish-citizens/"	"200"	"https://d.barobirlik.org.tr/amblem/tbb_amblem_60.png"	"403"	"Türkiye Barolar Birliği"	"true"	"false"	"false"
"Image"	"false"	"https://cindemirlaw.com/sexual-assault-in-turkey/"	"200"	"https://d.barobirlik.org.tr/amblem/tbb_amblem_60.png"	"403"	"Türkiye Barolar Birliği"	"true"	"false"	"false"
"Image"	"false"	"https://cindemirlaw.com/institutionalized-nominee-director/"	"200"	"https://d.barobirlik.org.tr/amblem/tbb_amblem_60.png"	"403"	"Türkiye Barolar Birliği"	"true"	"false"	"false"
"Image"	"false"	"https://cindemirlaw.com/eu-ai-act-compliance-for-non-eu-companies-legal-requirements-under-the-destination-principle/?lang=ru"	"200"	"https://d.barobirlik.org.tr/amblem/tbb_amblem_60.png"	"403"	"Türkiye Barolar Birliği"	"true"	"false"	"false"
"Image"	"false"	"https://cindemirlaw.com/humanitarian-residence-permit-application-in-turkey/"	"200"	"https://d.barobirlik.org.tr/amblem/tbb_amblem_60.png"	"403"	"Türkiye Barolar Birliği"	"true"	"false"	"false"
"Image"	"false"	"https://cindemirlaw.com/inheritance-contracts-under-turkish-civil-code/"	"200"	"https://d.barobirlik.org.tr/amblem/tbb_amblem_60.png"	"403"	"Türkiye Barolar Birliği"	"true"	"false"	"false"
"Image"	"false"	"https://cindemirlaw.com/criminal-record-deletion-in-turkey-for-foreign-nationals/"	"200"	"https://d.barobirlik.org.tr/amblem/tbb_amblem_60.png"	"403"	"Türkiye Barolar Birliği"	"true"	"false"	"false"
"Image"	"false"	"https://cindemirlaw.com/legal-risks-in-token-launches-how-crypto-startups-can-stay-compliant-across-jurisdictions/"	"200"	"https://d.barobirlik.org.tr/amblem/tbb_amblem_60.png"	"403"	"Türkiye Barolar Birliği"	"true"	"false"	"false"
"Image"	"false"	"https://cindemirlaw.com/european-law-rights-concerning-ankara-agreement/"	"200"	"https://d.barobirlik.org.tr/amblem/tbb_amblem_60.png"	"403"	"Türkiye Barolar Birliği"	"true"	"false"	"false"
"Image"	"false"	"https://cindemirlaw.com/articles/"	"200"	"https://d.barobirlik.org.tr/amblem/tbb_amblem_60.png"	"403"	"Türkiye Barolar Birliği"	"true"	"false"	"false"
"Image"	"false"	"https://cindemirlaw.com/gokhan-cindemir-attorney-at-law-2-2/?lang=zh-hans"	"200"	"https://d.barobirlik.org.tr/amblem/tbb_amblem_60.png"	"403"	"Türkiye Barolar Birliği"	"true"	"false"	"false"
"Image"	"false"	"https://cindemirlaw.com/nashiyurist/"	"200"	"https://d.barobirlik.org.tr/amblem/tbb_amblem_60.png"	"403"	"Türkiye Barolar Birliği"	"true"	"false"	"false"
"Image"	"false"	"https://cindemirlaw.com/enforcement-of-uk-judgments-in-turkey/"	"200"	"https://d.barobirlik.org.tr/amblem/tbb_amblem_60.png"	"403"	"Türkiye Barolar Birliği"	"true"	"false"	"false"
"Image"	"false"	"https://cindemirlaw.com/proving-the-damage-of-a-victim-by-forensic-hospitals-under-malpractice-law-in-turkey/"	"200"	"https://d.barobirlik.org.tr/amblem/tbb_amblem_60.png"	"403"	"Türkiye Barolar Birliği"	"true"	"false"	"false"
"Image"	"false"	"https://cindemirlaw.com/administration-of-crypto-assets-under-turkish-law/"	"200"	"https://d.barobirlik.org.tr/amblem/tbb_amblem_60.png"	"403"	"Türkiye Barolar Birliği"	"true"	"false"	"false"
"Image"	"false"	"https://cindemirlaw.com/tag/damage/"	"200"	"https://d.barobirlik.org.tr/amblem/tbb_amblem_60.png"	"403"	"Türkiye Barolar Birliği"	"true"	"true"	"false"
"Image"	"false"	"https://cindemirlaw.com/form-a-document-legal-proof-of-birth-in-turkey-and-application-procedures/"	"200"	"https://d.barobirlik.org.tr/amblem/tbb_amblem_60.png"	"403"	"Türkiye Barolar Birliği"	"true"	"false"	"false"
"Image"	"false"	"https://cindemirlaw.com/team/"	"200"	"https://d.barobirlik.org.tr/amblem/tbb_amblem_60.png"	"403"	"Türkiye Barolar Birliği"	"true"	"false"	"false"
"Image"	"false"	"https://cindemirlaw.com/cindemir/"	"200"	"https://d.barobirlik.org.tr/amblem/tbb_amblem_60.png"	"403"	"Türkiye Barolar Birliği"	"true"	"false"	"false"
"Image"	"false"	"https://cindemirlaw.com/enforcement-of-a-chinese-foreign-judgment-in-turkey/"	"200"	"https://d.barobirlik.org.tr/amblem/tbb_amblem_60.png"	"403"	"Türkiye Barolar Birliği"	"true"	"false"	"false"
"Image"	"false"	"https://cindemirlaw.com/%D1%81%D1%82%D0%B0%D1%82%D1%83%D1%81-%D1%83%D1%81%D0%BB%D0%BE%D0%B2%D0%BD%D0%BE%D0%B3%D0%BE-%D0%B1%D0%B5%D0%B6%D0%B5%D0%BD%D1%86%D0%B0/?lang=ru"	"200"	"https://d.barobirlik.org.tr/amblem/tbb_amblem_60.png"	"403"	"Türkiye Barolar Birliği"	"true"	"false"	"false"
"Image"	"false"	"https://cindemirlaw.com/irish-kuwaiti-tourist-acquitted-in-street-brawl-case-in-turkey-hurriyet-daily-news/"	"200"	"https://d.barobirlik.org.tr/amblem/tbb_amblem_60.png"	"403"	"Türkiye Barolar Birliği"	"true"	"false"	"false"
"Image"	"false"	"https://cindemirlaw.com/turkish-citizenship-law-in-english/"	"200"	"https://d.barobirlik.org.tr/amblem/tbb_amblem_60.png"	"403"	"Türkiye Barolar Birliği"	"true"	"false"	"false"
"Image"	"false"	"https://cindemirlaw.com/onas/"	"200"	"https://d.barobirlik.org.tr/amblem/tbb_amblem_60.png"	"403"	"Türkiye Barolar Birliği"	"true"	"false"	"false"
"Image"	"false"	"https://cindemirlaw.com/fde1068e3bda46a37dd24126f9ec4b09df0c999365011ec71028e1a7d4c45bfdd1fde1068e3bda46a37dd24126f9ec4b09df0c999365011ec71028e1a7d4c45bfd81fde1068e3bda46a37dd24126f9ec4b09df0c999365011ec71028e1a7d4c45bf/?lang=ru"	"200"	"https://d.barobirlik.org.tr/amblem/tbb_amblem_60.png"	"403"	"Türkiye Barolar Birliği"	"true"	"false"	"false"
"Image"	"false"	"https://cindemirlaw.com/corporate-commercial/"	"200"	"https://d.barobirlik.org.tr/amblem/tbb_amblem_60.png"	"403"	"Türkiye Barolar Birliği"	"true"	"false"	"false"
"Image"	"false"	"https://cindemirlaw.com/irish-boxer-acquitted-in-epic-brawl-case/"	"200"	"https://d.barobirlik.org.tr/amblem/tbb_amblem_60.png"	"403"	"Türkiye Barolar Birliği"	"true"	"false"	"false"
"Image"	"false"	"https://cindemirlaw.com/%D1%87%D1%82%D0%BE-%D1%82%D0%B0%D0%BA%D0%BE%D0%B5-%D0%B7%D0%B0%D1%8F%D0%B2%D0%BB%D0%B5%D0%BD%D0%B8%D0%B5-%D0%B2-%D0%B5%D1%81%D0%BF%D1%87-%D0%BA%D1%82%D0%BE-%D0%BC%D0%BE%D0%B6%D0%B5%D1%82-%D0%BF%D0%BE/?lang=ru"	"200"	"https://d.barobirlik.org.tr/amblem/tbb_amblem_60.png"	"403"	"Türkiye Barolar Birliği"	"true"	"false"	"false"
"Image"	"false"	"https://cindemirlaw.com/family/"	"200"	"https://d.barobirlik.org.tr/amblem/tbb_amblem_60.png"	"403"	"Türkiye Barolar Birliği"	"true"	"false"	"false"
"Image"	"false"	"https://cindemirlaw.com/hakan/?lang=zh-hans"	"200"	"https://cindemirlaw.com/chinese/wp-content/uploads/2014/11/white-2-copy-150x150.jpg"	"404"	"Cindemir Law Office"	"true"	"false"	"true"
"Image"	"false"	"https://cindemirlaw.com/?lang=zh-hans"	"200"	"https://d.barobirlik.org.tr/amblem/tbb_amblem_60.png"	"403"	"Türkiye Barolar Birliği"	"false"	"false"	"false"
"Image"	"false"	"https://cindemirlaw.com/contacts/?lang=ru"	"200"	"https://d.barobirlik.org.tr/amblem/tbb_amblem_60.png"	"403"	"Türkiye Barolar Birliği"	"true"	"false"	"false"
"Image"	"false"	"https://cindemirlaw.com/paternity-suit-in-turkey-under-turkish-family-law/"	"200"	"https://d.barobirlik.org.tr/amblem/tbb_amblem_60.png"	"403"	"Türkiye Barolar Birliği"	"true"	"false"	"false"
"Image"	"false"	"https://cindemirlaw.com/our-articles/"	"200"	"https://d.barobirlik.org.tr/amblem/tbb_amblem_60.png"	"403"	"Türkiye Barolar Birliği"	"true"	"false"	"false"
"Image"	"false"	"https://cindemirlaw.com/gokhan-cindemir/"	"200"	"https://d.barobirlik.org.tr/amblem/tbb_amblem_60.png"	"403"	"Türkiye Barolar Birliği"	"true"	"false"	"false"
"Image"	"false"	"https://cindemirlaw.com/komanda/"	"200"	"https://d.barobirlik.org.tr/amblem/tbb_amblem_60.png"	"403"	"Türkiye Barolar Birliği"	"true"	"false"	"false"
"Image"	"false"	"https://cindemirlaw.com/prosecutor/"	"200"	"https://d.barobirlik.org.tr/amblem/tbb_amblem_60.png"	"403"	"Türkiye Barolar Birliği"	"true"	"false"	"false"
"Image"	"false"	"https://cindemirlaw.com/legal-visits-in-prison-lawyer-services-for-detainees-and-convicts-in-turkey/"	"200"	"https://d.barobirlik.org.tr/amblem/tbb_amblem_60.png"	"403"	"Türkiye Barolar Birliği"	"true"	"false"	"false"
"Image"	"false"	"https://cindemirlaw.com/our-videos/"	"200"	"https://d.barobirlik.org.tr/amblem/tbb_amblem_60.png"	"403"	"Türkiye Barolar Birliği"	"true"	"false"	"false"
"Image"	"false"	"https://cindemirlaw.com/fde1068e3bda46a37dd24126f9ec4b09df0c999365011ec71028e1a7d4c45bfdd1fde1068e3bda46a37dd24126f9ec4b09df0c999365011ec71028e1a7d4c45bfd83fde1068e3bda46a37dd24126f9ec4b09df0c999365011ec71028e1a7d4c45bf-3/?lang=ru"	"200"	"https://d.barobirlik.org.tr/amblem/tbb_amblem_60.png"	"403"	"Türkiye Barolar Birliği"	"true"	"false"	"false"
"Image"	"false"	"https://cindemirlaw.com/finding-a-nominee-director-in-turkey/"	"200"	"https://d.barobirlik.org.tr/amblem/tbb_amblem_60.png"	"403"	"Türkiye Barolar Birliği"	"true"	"false"	"false"
"Image"	"false"	"https://cindemirlaw.com/obtaining-an-e-devlet-password-in-turkey-through-a-power-of-attorney/?lang=ru"	"200"	"https://d.barobirlik.org.tr/amblem/tbb_amblem_60.png"	"403"	"Türkiye Barolar Birliği"	"true"	"false"	"false"
"Image"	"false"	"https://cindemirlaw.com/turkey-crypto-crimes-legal-landscape-enforcement-and-investor-protection/"	"200"	"https://d.barobirlik.org.tr/amblem/tbb_amblem_60.png"	"403"	"Türkiye Barolar Birliği"	"true"	"false"	"false"
"Image"	"false"	"https://cindemirlaw.com/pod/"	"200"	"https://d.barobirlik.org.tr/amblem/tbb_amblem_60.png"	"403"	"Türkiye Barolar Birliği"	"true"	"false"	"false"
"Image"	"false"	"https://cindemirlaw.com/link15/?lang=zh-hans"	"200"	"https://d.barobirlik.org.tr/amblem/tbb_amblem_60.png"	"403"	"Türkiye Barolar Birliği"	"true"	"false"	"false"
"Image"	"false"	"https://cindemirlaw.com/termination-of-employment-under-turkish-law/"	"200"	"https://d.barobirlik.org.tr/amblem/tbb_amblem_60.png"	"403"	"Türkiye Barolar Birliği"	"true"	"false"	"false"
"Image"	"false"	"https://cindemirlaw.com/family-heritage/"	"200"	"https://d.barobirlik.org.tr/amblem/tbb_amblem_60.png"	"403"	"Türkiye Barolar Birliği"	"true"	"false"	"false"
"Image"	"false"	"https://cindemirlaw.com/how-to-establish-a-limited-partnership-in-turkey/"	"200"	"https://d.barobirlik.org.tr/amblem/tbb_amblem_60.png"	"403"	"Türkiye Barolar Birliği"	"true"	"false"	"false"
"Image"	"false"	"https://cindemirlaw.com/who-is-hafiz-huseyin-husnu-efendi/"	"200"	"https://d.barobirlik.org.tr/amblem/tbb_amblem_60.png"	"403"	"Türkiye Barolar Birliği"	"true"	"false"	"false"
"Image"	"false"	"https://cindemirlaw.com/administrative-law/"	"200"	"https://d.barobirlik.org.tr/amblem/tbb_amblem_60.png"	"403"	"Türkiye Barolar Birliği"	"true"	"false"	"false"
"Image"	"false"	"https://cindemirlaw.com/fde1068e3bda46a37dd24126f9ec4b09df0c999365011ec71028e1a7d4c45bfdd0fde1068e3bda46a37dd24126f9ec4b09df0c999365011ec71028e1a7d4c45bfdb4fde1068e3bda46a37dd24126f9ec4b09df0c999365011ec71028e1a7d4c45bf/?lang=ru"	"200"	"https://d.barobirlik.org.tr/amblem/tbb_amblem_60.png"	"403"	"Türkiye Barolar Birliği"	"true"	"false"	"false"
"Image"	"false"	"https://cindemirlaw.com/appointment-of-a-turkish-lawyer-with-power-of-attorney/"	"200"	"https://d.barobirlik.org.tr/amblem/tbb_amblem_60.png"	"403"	"Türkiye Barolar Birliği"	"true"	"false"	"false"
"Image"	"false"	"https://cindemirlaw.com/fde1068e3bda46a37dd24126f9ec4b09df0c999365011ec71028e1a7d4c45bfdd1fde1068e3bda46a37dd24126f9ec4b09df0c999365011ec71028e1a7d4c45bfd81fde1068e3bda46a37dd24126f9ec4b09df0c999365011ec71028e1a7d4c45bf-3/?lang=ru"	"200"	"https://d.barobirlik.org.tr/amblem/tbb_amblem_60.png"	"403"	"Türkiye Barolar Birliği"	"true"	"false"	"false"
"Image"	"false"	"https://cindemirlaw.com/%D0%BA%D0%B0%D0%BA-%D0%BE%D1%82%D0%BA%D1%80%D1%8B%D1%82%D1%8C-%D0%BA%D0%BE%D0%BC%D0%BF%D0%B0%D0%BD%D0%B8%D1%8E-%D0%B2-%D1%82%D1%83%D1%80%D1%86%D0%B8%D0%B8-%D0%BF%D0%BE%D1%88%D0%B0%D0%B3%D0%BE%D0%B2/?lang=ru"	"200"	"https://d.barobirlik.org.tr/amblem/tbb_amblem_60.png"	"403"	"Türkiye Barolar Birliği"	"true"	"false"	"false"
"Image"	"false"	"https://cindemirlaw.com/articles/?lang=ru"	"200"	"https://d.barobirlik.org.tr/amblem/tbb_amblem_60.png"	"403"	"Türkiye Barolar Birliği"	"true"	"false"	"false"
"Image"	"false"	"https://cindemirlaw.com/new-crypto-asset-regulation-of-turkey-and-understanding-provisions-related-to-crypto-asset-service-providers-casps/"	"200"	"https://d.barobirlik.org.tr/amblem/tbb_amblem_60.png"	"403"	"Türkiye Barolar Birliği"	"true"	"false"	"false"
"Image"	"false"	"https://cindemirlaw.com/real-estate-conveyancing/"	"200"	"https://d.barobirlik.org.tr/amblem/tbb_amblem_60.png"	"403"	"Türkiye Barolar Birliği"	"true"	"false"	"false"
"Image"	"false"	"https://cindemirlaw.com/legal-support-for-visiting-foreign-nationals-in-turkish-prisons/"	"200"	"https://d.barobirlik.org.tr/amblem/tbb_amblem_60.png"	"403"	"Türkiye Barolar Birliği"	"true"	"false"	"false"
"Image"	"false"	"https://cindemirlaw.com/international-private/"	"200"	"https://d.barobirlik.org.tr/amblem/tbb_amblem_60.png"	"403"	"Türkiye Barolar Birliği"	"true"	"false"	"false"
"Image"	"false"	"https://cindemirlaw.com/opening-a-company-in-turkey-for-foreigners/"	"200"	"https://d.barobirlik.org.tr/amblem/tbb_amblem_60.png"	"403"	"Türkiye Barolar Birliği"	"true"	"false"	"false"
"Image"	"false"	"https://cindemirlaw.com/enforcement-of-us-judgments-in-turkey/"	"200"	"https://d.barobirlik.org.tr/amblem/tbb_amblem_60.png"	"403"	"Türkiye Barolar Birliği"	"true"	"false"	"false"
"Image"	"false"	"https://cindemirlaw.com/new-spk-decision-on-crypto-assets-a-comprehensive-overview-of-regulatory-amendments/"	"200"	"https://d.barobirlik.org.tr/amblem/tbb_amblem_60.png"	"403"	"Türkiye Barolar Birliği"	"true"	"false"	"false"
"Image"	"false"	"https://cindemirlaw.com/link11/?lang=zh-hans"	"200"	"https://d.barobirlik.org.tr/amblem/tbb_amblem_60.png"	"403"	"Türkiye Barolar Birliği"	"true"	"false"	"false"
