date,title,link,suggested_post
2026-06-29,CISG in Turkey: International Sale of Goods Disputes and Legal Framework,https://cindemirlaw.com/cisg-in-turkey-international-sale-of-goods-disputes-and-legal-framework/,"CISG in Turkey: International Sale of Goods Disputes and Legal Framework

Read more: https://cindemirlaw.com/cisg-in-turkey-international-sale-of-goods-disputes-and-legal-framework/"
2026-06-25,"Ottoman Title Deeds in Türkiye: Inheritance, Registration and Land Search",https://cindemirlaw.com/ottoman-title-deeds-in-turkiye-inheritance-registration-and-land-search/,"Ottoman Title Deeds in Türkiye: Inheritance, Registration and Land Search

Read more: https://cindemirlaw.com/ottoman-title-deeds-in-turkiye-inheritance-registration-and-land-search/"
2026-06-06,Tourism Law in Turkey,https://cindemirlaw.com/tourism-law-in-turkey/,"Tourism Law in Turkey

Read more: https://cindemirlaw.com/tourism-law-in-turkey/"
2026-06-06,Turkey Asset Repatriation 2026: Legal Framework for Bringing Foreign Assets to Turkey,https://cindemirlaw.com/turkey-asset-repatriation-2026-legal-framework-for-bringing-foreign-assets-to-turkey/,"Turkey Asset Repatriation 2026: Legal Framework for Bringing Foreign Assets to Turkey

Read more: https://cindemirlaw.com/turkey-asset-repatriation-2026-legal-framework-for-bringing-foreign-assets-to-turkey/"
2026-05-07,Airport Detention in Turkey: Legal Risks for Foreign Travellers and How to Respond,https://cindemirlaw.com/airport-detention-in-turkey-legal-risks-for-foreign-travellers-and-how-to-respond/,"Airport Detention in Turkey: Legal Risks for Foreign Travellers and How to Respond

Read more: https://cindemirlaw.com/airport-detention-in-turkey-legal-risks-for-foreign-travellers-and-how-to-respond/"
2026-04-05,Child Abduction and Retention Under Turkish Law,https://cindemirlaw.com/child-abduction-and-retention-under-turkish-law/,"Child Abduction and Retention Under Turkish Law

Read more: https://cindemirlaw.com/child-abduction-and-retention-under-turkish-law/"
2026-04-05,"Enforcement of Promissory Notes, Bills of Exchange and Cheques in Turkey",https://cindemirlaw.com/enforcement-of-promissory-notes-bills-of-exchange-and-cheques-in-turkey/,"Enforcement of Promissory Notes, Bills of Exchange and Cheques in Turkey

Read more: https://cindemirlaw.com/enforcement-of-promissory-notes-bills-of-exchange-and-cheques-in-turkey/"
2026-04-05,Legal Opinion and Expert Opinion in Turkey: Why the Distinction Matters,https://cindemirlaw.com/legal-opinion-and-expert-opinion-in-turkey-why-the-distinction-matters/,"Legal Opinion and Expert Opinion in Turkey: Why the Distinction Matters

Read more: https://cindemirlaw.com/legal-opinion-and-expert-opinion-in-turkey-why-the-distinction-matters/"
2026-01-31,How to Apply to the European Court of Human Rights (ECHR) – Legal Conditions and Procedure,https://cindemirlaw.com/how-to-apply-to-the-european-court-of-human-rights-echr-legal-conditions-and-procedure/,"How to Apply to the European Court of Human Rights (ECHR) – Legal Conditions and Procedure

Read more: https://cindemirlaw.com/how-to-apply-to-the-european-court-of-human-rights-echr-legal-conditions-and-procedure/"
2026-01-31,Legal Rights of Foreign Nationals in Police Custody in Istanbul,https://cindemirlaw.com/legal-rights-of-foreign-nationals-in-police-custody-in-istanbul/,"Legal Rights of Foreign Nationals in Police Custody in Istanbul

Read more: https://cindemirlaw.com/legal-rights-of-foreign-nationals-in-police-custody-in-istanbul/"
2026-01-31,Intentional Injury Resulting in Death under Turkish Criminal Law,https://cindemirlaw.com/intentional-injury-resulting-in-death-under-turkish-criminal-law/,"Intentional Injury Resulting in Death under Turkish Criminal Law

Read more: https://cindemirlaw.com/intentional-injury-resulting-in-death-under-turkish-criminal-law/"
2026-01-30,Turkish companies before the Court of Justice of the European Union,https://cindemirlaw.com/turkish-companies-before-the-court-of-justice-of-the-european-union/,"Turkish companies before the Court of Justice of the European Union

Read more: https://cindemirlaw.com/turkish-companies-before-the-court-of-justice-of-the-european-union/"
2026-01-27,Legal Status of Late-Registered Turkish Citizens Concerning Military Service Obligations under Law No. 7179,https://cindemirlaw.com/legal-status-of-late-registered-turkish-citizens-concerning-military-service-obligations-under-law-no-7179/,"Legal Status of Late-Registered Turkish Citizens Concerning Military Service Obligations under Law No. 7179

Read more: https://cindemirlaw.com/legal-status-of-late-registered-turkish-citizens-concerning-military-service-obligations-under-law-no-7179/"
2025-11-19,Understanding SPK’s Introduction Guide for Information Systems Independent Audit,https://cindemirlaw.com/understanding-spks-introduction-guide-for-information-systems-independent-audit/,"Understanding SPK’s Introduction Guide for Information Systems Independent Audit

Read more: https://cindemirlaw.com/understanding-spks-introduction-guide-for-information-systems-independent-audit/"
2025-11-07,"Turkey Crypto Crimes: Legal Landscape, Enforcement, and Investor Protection",https://cindemirlaw.com/turkey-crypto-crimes-legal-landscape-enforcement-and-investor-protection/,"Turkey Crypto Crimes: Legal Landscape, Enforcement, and Investor Protection

Read more: https://cindemirlaw.com/turkey-crypto-crimes-legal-landscape-enforcement-and-investor-protection/"
2025-11-05,Inheritance Investigation in Turkey: Guiding International Heirs Through a Complex Process,https://cindemirlaw.com/inheritance-investigation-in-turkey-guiding-international-heirs-through-a-complex-process/,"Inheritance Investigation in Turkey: Guiding International Heirs Through a Complex Process

Read more: https://cindemirlaw.com/inheritance-investigation-in-turkey-guiding-international-heirs-through-a-complex-process/"
2025-10-29,Financial Rights of Daughters under Turkish Social Security Law,https://cindemirlaw.com/financial-rights-of-daughters-under-turkish-social-security-law/,"Financial Rights of Daughters under Turkish Social Security Law

Read more: https://cindemirlaw.com/financial-rights-of-daughters-under-turkish-social-security-law/"
2025-10-29,Survivor Pension for Spouses of Deceased Turkish Citizens,https://cindemirlaw.com/survivor-pension-for-spouses-of-deceased-turkish-citizens/,"Survivor Pension for Spouses of Deceased Turkish Citizens

Read more: https://cindemirlaw.com/survivor-pension-for-spouses-of-deceased-turkish-citizens/"
2025-10-26,Title Deeds in Turkey: A Legal and Historical Overview,https://cindemirlaw.com/title-deeds-in-turkey-a-legal-and-historical-overview/,"Title Deeds in Turkey: A Legal and Historical Overview

Read more: https://cindemirlaw.com/title-deeds-in-turkey-a-legal-and-historical-overview/"
2025-10-26,Crypto Market Manipulation and Its Legal Implications Under Turkish Law,https://cindemirlaw.com/crypto-market-manipulation-and-its-legal-implications-under-turkish-law/,"Crypto Market Manipulation and Its Legal Implications Under Turkish Law

Read more: https://cindemirlaw.com/crypto-market-manipulation-and-its-legal-implications-under-turkish-law/"
2025-10-26,A Practical Overview of Crypto Asset Service Providers and Platforms in Türkiye,https://cindemirlaw.com/a-practical-overview-of-crypto-asset-service-providers-and-platforms-in-turkiye/,"A Practical Overview of Crypto Asset Service Providers and Platforms in Türkiye

Read more: https://cindemirlaw.com/a-practical-overview-of-crypto-asset-service-providers-and-platforms-in-turkiye/"
2025-10-26,"Crypto Asset Fraud: Common Schemes, Legal Analysis &#038; What Victims Should Do",https://cindemirlaw.com/crypto-asset-fraud-common-schemes-legal-analysis-what-victims-should-do/,"Crypto Asset Fraud: Common Schemes, Legal Analysis &#038; What Victims Should Do

Read more: https://cindemirlaw.com/crypto-asset-fraud-common-schemes-legal-analysis-what-victims-should-do/"
2025-10-26,Airport Customs Seizures and Smuggling Offences under Turkish Law,https://cindemirlaw.com/airport-customs-seizures-and-smuggling-offences-under-turkish-law/,"Airport Customs Seizures and Smuggling Offences under Turkish Law

Read more: https://cindemirlaw.com/airport-customs-seizures-and-smuggling-offences-under-turkish-law/"
2025-09-29,Regulation of Crypto Assets Under Turkish Law,https://cindemirlaw.com/turk-hukukunda-kripto-varliklarin-duzenlenmesi/,"Regulation of Crypto Assets Under Turkish Law

Read more: https://cindemirlaw.com/turk-hukukunda-kripto-varliklarin-duzenlenmesi/"
2025-09-28,Crypto Asset Fraud in Turkey: Legal Perspective,https://cindemirlaw.com/crypto-asset-fraud-in-turkey-legal-perspective/,"Crypto Asset Fraud in Turkey: Legal Perspective

Read more: https://cindemirlaw.com/crypto-asset-fraud-in-turkey-legal-perspective/"
2025-09-19,Humanitarian Residence Permit in Turkey – Legal Insights by Cindemir Law Office,https://cindemirlaw.com/humanitarian-residence-permit-in-turkey-legal-insights-by-cindemir-law-office/,"Humanitarian Residence Permit in Turkey – Legal Insights by Cindemir Law Office

Read more: https://cindemirlaw.com/humanitarian-residence-permit-in-turkey-legal-insights-by-cindemir-law-office/"
2025-07-25,Ottoman Archival Documents and Their Role in Legal and Historical Investigations,https://cindemirlaw.com/ottoman-archival-documents-and-their-role-in-legal-and-historical-investigations/,"Ottoman Archival Documents and Their Role in Legal and Historical Investigations

Read more: https://cindemirlaw.com/ottoman-archival-documents-and-their-role-in-legal-and-historical-investigations/"
2025-07-23,EU Representative Services for Non-EU Companies under the GDPR,https://cindemirlaw.com/eu-representative-services-for-non-eu-companies-under-the-gdpr/,"EU Representative Services for Non-EU Companies under the GDPR

Read more: https://cindemirlaw.com/eu-representative-services-for-non-eu-companies-under-the-gdpr/"
2025-07-23,EU Legal Representative Services for AI Companies Outside the European Union,https://cindemirlaw.com/eu-legal-representative-services-for-ai-companies-outside-the-european-union/,"EU Legal Representative Services for AI Companies Outside the European Union

Read more: https://cindemirlaw.com/eu-legal-representative-services-for-ai-companies-outside-the-european-union/"
2025-07-03,Legal Assistance for Foreign Lawyers Visiting Prisoners in Turkey,https://cindemirlaw.com/legal-assistance-for-foreign-lawyers-visiting-prisoners-in-turkey/,"Legal Assistance for Foreign Lawyers Visiting Prisoners in Turkey

Read more: https://cindemirlaw.com/legal-assistance-for-foreign-lawyers-visiting-prisoners-in-turkey/"
2025-05-28,EU AI Act: Prohibited Practices and Compliance Obligations,https://cindemirlaw.com/eu-ai-act-prohibited-practices-and-compliance-obligations/,"EU AI Act: Prohibited Practices and Compliance Obligations

Read more: https://cindemirlaw.com/eu-ai-act-prohibited-practices-and-compliance-obligations/"
2025-05-17,Legal Alert: New Regulation on Timeshare Rights in Turkey – 7-Day Minimum Period Introduced,https://cindemirlaw.com/legal-alert-new-regulation-on-timeshare-rights-in-turkey-7-day-minimum-period-introduced/,"Legal Alert: New Regulation on Timeshare Rights in Turkey – 7-Day Minimum Period Introduced

Read more: https://cindemirlaw.com/legal-alert-new-regulation-on-timeshare-rights-in-turkey-7-day-minimum-period-introduced/"
2025-05-04,Criminal Record Deletion in Turkey for Foreign Nationals,https://cindemirlaw.com/criminal-record-deletion-in-turkey-for-foreign-nationals/,"Criminal Record Deletion in Turkey for Foreign Nationals

Read more: https://cindemirlaw.com/criminal-record-deletion-in-turkey-for-foreign-nationals/"
2025-05-04,Assistance for Foreign Families Supporting Inmates in Turkish Prisons,https://cindemirlaw.com/assistance-for-foreign-families-supporting-inmates-in-turkish-prisons/,"Assistance for Foreign Families Supporting Inmates in Turkish Prisons

Read more: https://cindemirlaw.com/assistance-for-foreign-families-supporting-inmates-in-turkish-prisons/"
2025-05-04,Yabancı Uyruklu Hükümlü ve Tutukluların Ziyareti Hakkında Bilgilendirme,https://cindemirlaw.com/yabanci-uyruklu-hukumlu-ve-tutuklularin-ziyareti-hakkinda-bilgilendirme/,"Yabancı Uyruklu Hükümlü ve Tutukluların Ziyareti Hakkında Bilgilendirme

Read more: https://cindemirlaw.com/yabanci-uyruklu-hukumlu-ve-tutuklularin-ziyareti-hakkinda-bilgilendirme/"
2025-05-04,Legal Support for Visiting Foreign Nationals in Turkish Prisons,https://cindemirlaw.com/legal-support-for-visiting-foreign-nationals-in-turkish-prisons/,"Legal Support for Visiting Foreign Nationals in Turkish Prisons

Read more: https://cindemirlaw.com/legal-support-for-visiting-foreign-nationals-in-turkish-prisons/"
2025-05-04,Legal Visits in Prison – Lawyer Services for Detainees and Convicts in Turkey,https://cindemirlaw.com/legal-visits-in-prison-lawyer-services-for-detainees-and-convicts-in-turkey/,"Legal Visits in Prison – Lawyer Services for Detainees and Convicts in Turkey

Read more: https://cindemirlaw.com/legal-visits-in-prison-lawyer-services-for-detainees-and-convicts-in-turkey/"
2025-05-03,Legal Risks in Token Launches: How Crypto Startups Can Stay Compliant Across Jurisdictions,https://cindemirlaw.com/legal-risks-in-token-launches-how-crypto-startups-can-stay-compliant-across-jurisdictions/,"Legal Risks in Token Launches: How Crypto Startups Can Stay Compliant Across Jurisdictions

Read more: https://cindemirlaw.com/legal-risks-in-token-launches-how-crypto-startups-can-stay-compliant-across-jurisdictions/"
2024-09-20,New SPK Decision on Crypto Assets: A Comprehensive Overview of Regulatory Amendments,https://cindemirlaw.com/new-spk-decision-on-crypto-assets-a-comprehensive-overview-of-regulatory-amendments/,"New SPK Decision on Crypto Assets: A Comprehensive Overview of Regulatory Amendments

Read more: https://cindemirlaw.com/new-spk-decision-on-crypto-assets-a-comprehensive-overview-of-regulatory-amendments/"
2024-09-09,Administration of Crypto Assets under Turkish Law,https://cindemirlaw.com/administration-of-crypto-assets-under-turkish-law/,"Administration of Crypto Assets under Turkish Law

Read more: https://cindemirlaw.com/administration-of-crypto-assets-under-turkish-law/"
2024-09-09,Crypto Asset Issuers under Turkish Law,https://cindemirlaw.com/crypto-asset-issuers-under-turkish-law/,"Crypto Asset Issuers under Turkish Law

Read more: https://cindemirlaw.com/crypto-asset-issuers-under-turkish-law/"
2024-09-06,Market Abuse in the Crypto Asset Market in Turkey,https://cindemirlaw.com/market-abuse-in-the-crypto-asset-market-in-turkey/,"Market Abuse in the Crypto Asset Market in Turkey

Read more: https://cindemirlaw.com/market-abuse-in-the-crypto-asset-market-in-turkey/"
2024-09-06,New Crypto Asset Regulation of Turkey and Understanding Provisions related to Crypto Asset Service Providers (CASPs),https://cindemirlaw.com/new-crypto-asset-regulation-of-turkey-and-understanding-provisions-related-to-crypto-asset-service-providers-casps/,"New Crypto Asset Regulation of Turkey and Understanding Provisions related to Crypto Asset Service Providers (CASPs)

Read more: https://cindemirlaw.com/new-crypto-asset-regulation-of-turkey-and-understanding-provisions-related-to-crypto-asset-service-providers-casps/"
2024-09-06,Regulatory Landscape for Crypto Asset Trading Platforms in Turkey,https://cindemirlaw.com/regulatory-landscape-for-crypto-asset-trading-platforms-in-turkey/,"Regulatory Landscape for Crypto Asset Trading Platforms in Turkey

Read more: https://cindemirlaw.com/regulatory-landscape-for-crypto-asset-trading-platforms-in-turkey/"
2023-11-16,Legal Services for Digital Asset Businesses,https://cindemirlaw.com/legal-services-for-digital-asset-businesses/,"Legal Services for Digital Asset Businesses

Read more: https://cindemirlaw.com/legal-services-for-digital-asset-businesses/"
2023-11-16,Legal Affidavit Preparation in Turkey,https://cindemirlaw.com/legal-affidavit-preparation-in-turkey/,"Legal Affidavit Preparation in Turkey

Read more: https://cindemirlaw.com/legal-affidavit-preparation-in-turkey/"
2023-09-19,Exit Bans in Turkey: A Critical Exploration of Judicial Control,https://cindemirlaw.com/exit-bans-in-turkey-a-critical-exploration-of-judicial-control/,"Exit Bans in Turkey: A Critical Exploration of Judicial Control

Read more: https://cindemirlaw.com/exit-bans-in-turkey-a-critical-exploration-of-judicial-control/"
2023-08-08,Crypto Assets Status: A Perspective Following Turkey&#8217;s Stance on Crypto Use,https://cindemirlaw.com/crypto-assets-status-a-perspective-following-turkeys-stance-on-crypto-use/,"Crypto Assets Status: A Perspective Following Turkey&#8217;s Stance on Crypto Use

Read more: https://cindemirlaw.com/crypto-assets-status-a-perspective-following-turkeys-stance-on-crypto-use/"
2023-08-08,"Principle of Family Unity, Deportation Procedures, and Protection of Family Unity for Deportees",https://cindemirlaw.com/principle-of-family-unity-deportation-procedures-and-protection-of-family-unity-for-deportees/,"Principle of Family Unity, Deportation Procedures, and Protection of Family Unity for Deportees

Read more: https://cindemirlaw.com/principle-of-family-unity-deportation-procedures-and-protection-of-family-unity-for-deportees/"
2023-07-09,International Death Certificate: Form C and Procedures for Obtaining in Turkey,https://cindemirlaw.com/international-death-certificate-form-c-and-procedures-for-obtaining-in-turkey/,"International Death Certificate: Form C and Procedures for Obtaining in Turkey

Read more: https://cindemirlaw.com/international-death-certificate-form-c-and-procedures-for-obtaining-in-turkey/"
2023-07-09,International Marriage Certificate &#8211; Form B | Turkey | Marriage Records,https://cindemirlaw.com/international-marriage-certificate-form-b-turkey-marriage-records/,"International Marriage Certificate &#8211; Form B | Turkey | Marriage Records

Read more: https://cindemirlaw.com/international-marriage-certificate-form-b-turkey-marriage-records/"
2023-07-09,Form A Document: Legal Proof of Birth in Turkey and Application Procedures,https://cindemirlaw.com/form-a-document-legal-proof-of-birth-in-turkey-and-application-procedures/,"Form A Document: Legal Proof of Birth in Turkey and Application Procedures

Read more: https://cindemirlaw.com/form-a-document-legal-proof-of-birth-in-turkey-and-application-procedures/"
2023-04-27,Turkish Lawyer Online Consultancy,https://cindemirlaw.com/turkish-lawyer-online-consultancy/,"Turkish Lawyer Online Consultancy

Read more: https://cindemirlaw.com/turkish-lawyer-online-consultancy/"
2023-04-25,Starting a Company in Turkey: A Comprehensive Guide for Entrepreneurs,https://cindemirlaw.com/starting-a-company-in-turkey-a-comprehensive-guide-for-entrepreneurs/,"Starting a Company in Turkey: A Comprehensive Guide for Entrepreneurs

Read more: https://cindemirlaw.com/starting-a-company-in-turkey-a-comprehensive-guide-for-entrepreneurs/"
2023-04-24,Overcoming the 5-Year Entry Ban in Turkey: A Path to Redemption,https://cindemirlaw.com/overcoming-the-5-year-entry-ban-in-turkey-a-path-to-redemption/,"Overcoming the 5-Year Entry Ban in Turkey: A Path to Redemption

Read more: https://cindemirlaw.com/overcoming-the-5-year-entry-ban-in-turkey-a-path-to-redemption/"
2023-03-08,Inheritance Rights for Divorced Spouses,https://cindemirlaw.com/inheritance-rights-for-divorced-spouses/,"Inheritance Rights for Divorced Spouses

Read more: https://cindemirlaw.com/inheritance-rights-for-divorced-spouses/"
2023-03-08,Inheritance Contracts under Turkish Civil Code,https://cindemirlaw.com/inheritance-contracts-under-turkish-civil-code/,"Inheritance Contracts under Turkish Civil Code

Read more: https://cindemirlaw.com/inheritance-contracts-under-turkish-civil-code/"
2023-03-08,Can Russian Establish a Company in Turkey?,https://cindemirlaw.com/can-russian-establish-a-company-in-turkey/,"Can Russian Establish a Company in Turkey?

Read more: https://cindemirlaw.com/can-russian-establish-a-company-in-turkey/"
2023-02-15,Understanding the Role and Responsibilities of a Commercial Agent,https://cindemirlaw.com/understanding-the-role-and-responsibilities-of-a-commercial-agent/,"Understanding the Role and Responsibilities of a Commercial Agent

Read more: https://cindemirlaw.com/understanding-the-role-and-responsibilities-of-a-commercial-agent/"
2023-02-13,Compulsory Earthquake Insurance in Turkey &#8211; Compensation Claim,https://cindemirlaw.com/compulsory-earthquake-insurance-in-turkey-compensation-claim/,"Compulsory Earthquake Insurance in Turkey &#8211; Compensation Claim

Read more: https://cindemirlaw.com/compulsory-earthquake-insurance-in-turkey-compensation-claim/"
2023-02-13,Institutionalized Nominee Directory Services in Turkey,https://cindemirlaw.com/institutionalized-nominee-director/,"Institutionalized Nominee Directory Services in Turkey

Read more: https://cindemirlaw.com/institutionalized-nominee-director/"
2023-02-13,Nominee Directory Services in Turkey,https://cindemirlaw.com/nominee-directory-services-in-turkey/,"Nominee Directory Services in Turkey

Read more: https://cindemirlaw.com/nominee-directory-services-in-turkey/"
2023-02-09,Unfair Competition in Turkey: Understanding the Issues and Finding Solutions,https://cindemirlaw.com/unfair-competition-in-turkey-understanding-the-issues-and-finding-solutions/,"Unfair Competition in Turkey: Understanding the Issues and Finding Solutions

Read more: https://cindemirlaw.com/unfair-competition-in-turkey-understanding-the-issues-and-finding-solutions/"
2023-02-09,How to Establish a Limited Partnership in Turkey,https://cindemirlaw.com/how-to-establish-a-limited-partnership-in-turkey/,"How to Establish a Limited Partnership in Turkey

Read more: https://cindemirlaw.com/how-to-establish-a-limited-partnership-in-turkey/"
2023-01-31,Finding a nominee director in Turkey,https://cindemirlaw.com/finding-a-nominee-director-in-turkey/,"Finding a nominee director in Turkey

Read more: https://cindemirlaw.com/finding-a-nominee-director-in-turkey/"
2023-01-30,Free Trade Zone Company in Turkey,https://cindemirlaw.com/free-trade-zone-company-in-turkey/,"Free Trade Zone Company in Turkey

Read more: https://cindemirlaw.com/free-trade-zone-company-in-turkey/"
2023-01-27,Transferring a TikTok account with Escrow,https://cindemirlaw.com/transferring-a-tiktok-account-with-escrow/,"Transferring a TikTok account with Escrow

Read more: https://cindemirlaw.com/transferring-a-tiktok-account-with-escrow/"
2023-01-26,Software Account Services,https://cindemirlaw.com/software-account-services/,"Software Account Services

Read more: https://cindemirlaw.com/software-account-services/"
2023-01-26,Escrow Account Turkey,https://cindemirlaw.com/escrow-account-turkey/,"Escrow Account Turkey

Read more: https://cindemirlaw.com/escrow-account-turkey/"
2023-01-13,Opening a Company in Turkey for Foreigners,https://cindemirlaw.com/opening-a-company-in-turkey-for-foreigners/,"Opening a Company in Turkey for Foreigners

Read more: https://cindemirlaw.com/opening-a-company-in-turkey-for-foreigners/"
2023-01-11,Obtaining a Criminal Record Certificate in Turkey: A Step-by-Step Guide,https://cindemirlaw.com/obtaining-a-criminal-record-certificate-in-turkey-a-step-by-step-guide/,"Obtaining a Criminal Record Certificate in Turkey: A Step-by-Step Guide

Read more: https://cindemirlaw.com/obtaining-a-criminal-record-certificate-in-turkey-a-step-by-step-guide/"
2023-01-10,Liquidation in Turkey,https://cindemirlaw.com/liquidation-in-turkey/,"Liquidation in Turkey

Read more: https://cindemirlaw.com/liquidation-in-turkey/"
2023-01-05,Nft Law in Turkey,https://cindemirlaw.com/nft-law-in-turkey/,"Nft Law in Turkey

Read more: https://cindemirlaw.com/nft-law-in-turkey/"
2023-01-05,Escrow in Turkey,https://cindemirlaw.com/escrow-in-turkey/,"Escrow in Turkey

Read more: https://cindemirlaw.com/escrow-in-turkey/"
2022-12-31,Nominee Director in Turkey,https://cindemirlaw.com/nominee-director-in-turkey/,"Nominee Director in Turkey

Read more: https://cindemirlaw.com/nominee-director-in-turkey/"
2022-06-15,Bank Account Opening in Turkey for Russian Companies,https://cindemirlaw.com/bank-account-opening-in-turkey-for-russian-companies/,"Bank Account Opening in Turkey for Russian Companies

Read more: https://cindemirlaw.com/bank-account-opening-in-turkey-for-russian-companies/"
2022-04-01,Sexual assault in Turkey,https://cindemirlaw.com/sexual-assault-in-turkey/,"Sexual assault in Turkey

Read more: https://cindemirlaw.com/sexual-assault-in-turkey/"
2022-03-28,Offences of Bodily Harm under Turkish Law,https://cindemirlaw.com/offences-of-bodily-harm-under-turkish-law/,"Offences of Bodily Harm under Turkish Law

Read more: https://cindemirlaw.com/offences-of-bodily-harm-under-turkish-law/"
2022-02-25,labor contract termination with just cause,https://cindemirlaw.com/labor-contract-termination-with-just-cause/,"labor contract termination with just cause

Read more: https://cindemirlaw.com/labor-contract-termination-with-just-cause/"
2022-02-22,Re-employment Lawsuit,https://cindemirlaw.com/re-employment-lawsuit/,"Re-employment Lawsuit

Read more: https://cindemirlaw.com/re-employment-lawsuit/"
2022-02-09,Termination of Employment under Turkish Law,https://cindemirlaw.com/termination-of-employment-under-turkish-law/,"Termination of Employment under Turkish Law

Read more: https://cindemirlaw.com/termination-of-employment-under-turkish-law/"
2022-02-05,Intentional Killing under Turkish Law,https://cindemirlaw.com/intentional-killing-under-turkish-law/,"Intentional Killing under Turkish Law

Read more: https://cindemirlaw.com/intentional-killing-under-turkish-law/"
2022-01-26,Migrant Smuggling and Human Trafficking under Turkish Law,https://cindemirlaw.com/migrant-smuggling-and-human-trafficking-under-turkish-law/,"Migrant Smuggling and Human Trafficking under Turkish Law

Read more: https://cindemirlaw.com/migrant-smuggling-and-human-trafficking-under-turkish-law/"
2022-01-22,Website Legal Services​,https://cindemirlaw.com/website-legal-services/,"Website Legal Services​

Read more: https://cindemirlaw.com/website-legal-services/"
2022-01-20,Privacy Policy in Turkish Law,https://cindemirlaw.com/privacy-policy-in-turkish-law/,"Privacy Policy in Turkish Law

Read more: https://cindemirlaw.com/privacy-policy-in-turkish-law/"
2022-01-17,Internet Blackmail and Turkish Criminal Law,https://cindemirlaw.com/internet-blackmail-and-turkish-criminal-law/,"Internet Blackmail and Turkish Criminal Law

Read more: https://cindemirlaw.com/internet-blackmail-and-turkish-criminal-law/"
2021-12-08,Humanitarian Residence Permit Application In Turkey,https://cindemirlaw.com/humanitarian-residence-permit-application-in-turkey/,"Humanitarian Residence Permit Application In Turkey

Read more: https://cindemirlaw.com/humanitarian-residence-permit-application-in-turkey/"
2021-12-02,Establishing a Branch in Turkey,https://cindemirlaw.com/establishing-a-branch-in-turkey-2/,"Establishing a Branch in Turkey

Read more: https://cindemirlaw.com/establishing-a-branch-in-turkey-2/"
2021-11-11,What Are the Limitations of a Will under Turkish Law?,https://cindemirlaw.com/what-are-the-limitations-of-a-will-under-turkish-law/,"What Are the Limitations of a Will under Turkish Law?

Read more: https://cindemirlaw.com/what-are-the-limitations-of-a-will-under-turkish-law/"
2021-02-18,Liaison Offices in Turkey,https://cindemirlaw.com/liaison-offices-in-turkey/,"Liaison Offices in Turkey

Read more: https://cindemirlaw.com/liaison-offices-in-turkey/"
2021-02-17,Foreigners and International Protection in Turkey,https://cindemirlaw.com/foreigners-and-international-protection-in-turkey/,"Foreigners and International Protection in Turkey

Read more: https://cindemirlaw.com/foreigners-and-international-protection-in-turkey/"
2020-10-28,International Apostille Services in Turkey,https://cindemirlaw.com/international-apostille-services-in-turkey/,"International Apostille Services in Turkey

Read more: https://cindemirlaw.com/international-apostille-services-in-turkey/"
2020-09-08,How to Lift the Entry Ban to Turkey,https://cindemirlaw.com/how-to-lift-entry-ban-to-turkey/,"How to Lift the Entry Ban to Turkey

Read more: https://cindemirlaw.com/how-to-lift-entry-ban-to-turkey/"
2020-09-07,Legal Services in Sapanca,https://cindemirlaw.com/legal-services-in-sapanca/,"Legal Services in Sapanca

Read more: https://cindemirlaw.com/legal-services-in-sapanca/"
2020-09-02,Exemptions on the legislation of the documents in Turkey,https://cindemirlaw.com/exemptions-on-the-legislation-of-the-documents-in-turkey/,"Exemptions on the legislation of the documents in Turkey

Read more: https://cindemirlaw.com/exemptions-on-the-legislation-of-the-documents-in-turkey/"
2020-07-30,Personal Injury and Car Accidents under Turkish Law,https://cindemirlaw.com/personal-injury-and-car-accidents-under-turkish-law/,"Personal Injury and Car Accidents under Turkish Law

Read more: https://cindemirlaw.com/personal-injury-and-car-accidents-under-turkish-law/"
2020-07-28,Turkish Law of Torts,https://cindemirlaw.com/turkish-law-of-torts/,"Turkish Law of Torts

Read more: https://cindemirlaw.com/turkish-law-of-torts/"
2020-07-20,Succession in Turkey,https://cindemirlaw.com/turkish-succession-law/,"Succession in Turkey

Read more: https://cindemirlaw.com/turkish-succession-law/"
2020-07-10,Private International Law Rules,https://cindemirlaw.com/private-international-law-rules/,"Private International Law Rules

Read more: https://cindemirlaw.com/private-international-law-rules/"
2020-07-06,Conventions of Turkey regarding Private International Law,https://cindemirlaw.com/international-private-law-and-conventions-that-turkey-is-party/,"Conventions of Turkey regarding Private International Law

Read more: https://cindemirlaw.com/international-private-law-and-conventions-that-turkey-is-party/"
2020-07-04,Divorce Decision in Turkey and the Results,https://cindemirlaw.com/consequences-of-a-divorce-decision-in-turkey/,"Divorce Decision in Turkey and the Results

Read more: https://cindemirlaw.com/consequences-of-a-divorce-decision-in-turkey/"
2020-06-27,Definition Regarding Conflict of Laws in Turkey,https://cindemirlaw.com/definition-regarding-conflict-of-laws-in-turkey/,"Definition Regarding Conflict of Laws in Turkey

Read more: https://cindemirlaw.com/definition-regarding-conflict-of-laws-in-turkey/"
2020-06-23,Setting up a company in Turkey,https://cindemirlaw.com/establishing-a-commercial-enterprise-in-turkey/,"Setting up a company in Turkey

Read more: https://cindemirlaw.com/establishing-a-commercial-enterprise-in-turkey/"
2020-06-22,Turkish Commercial Law,https://cindemirlaw.com/trade-law-of-turkey/,"Turkish Commercial Law

Read more: https://cindemirlaw.com/trade-law-of-turkey/"
2019-09-13,Insurance Arbitration and Compensation Claims regarding Car Accidents in Turkey,https://cindemirlaw.com/insurance-arbitration-and-compensation-claims-regarding-car-accidents-in-turkey/,"Insurance Arbitration and Compensation Claims regarding Car Accidents in Turkey

Read more: https://cindemirlaw.com/insurance-arbitration-and-compensation-claims-regarding-car-accidents-in-turkey/"
2019-08-31,Some Notes about Opening a Bank Account for a Foreign Company in Turkey,https://cindemirlaw.com/some-notes-about-opening-a-bank-account-for-a-foreign-company-in-turkey/,"Some Notes about Opening a Bank Account for a Foreign Company in Turkey

Read more: https://cindemirlaw.com/some-notes-about-opening-a-bank-account-for-a-foreign-company-in-turkey/"
2019-08-15,Getting Police Certificate (Criminal Clearance Report) in Turkey,https://cindemirlaw.com/getting-criminal-record-in-turkey/,"Getting Police Certificate (Criminal Clearance Report) in Turkey

Read more: https://cindemirlaw.com/getting-criminal-record-in-turkey/"
2019-06-10,Proving the Damage of a Victim by Forensic Hospitals under Malpractice Law in Turkey,https://cindemirlaw.com/proving-the-damage-of-a-victim-by-forensic-hospitals-under-malpractice-law-in-turkey/,"Proving the Damage of a Victim by Forensic Hospitals under Malpractice Law in Turkey

Read more: https://cindemirlaw.com/proving-the-damage-of-a-victim-by-forensic-hospitals-under-malpractice-law-in-turkey/"
2019-06-10,Enforcement of ICSID Awards in Turkey in The Light Of Last Developments,https://cindemirlaw.com/enforcement-of-icsid-awards-in-turkey-the-light-of-last-developments/,"Enforcement of ICSID Awards in Turkey in The Light Of Last Developments

Read more: https://cindemirlaw.com/enforcement-of-icsid-awards-in-turkey-the-light-of-last-developments/"
2019-06-10,Plastic Surgery Malpractice in Turkish Law,https://cindemirlaw.com/plastic-surgery-malpractice-in-turkish-law/,"Plastic Surgery Malpractice in Turkish Law

Read more: https://cindemirlaw.com/plastic-surgery-malpractice-in-turkish-law/"
2018-03-14,&#8220;Verdict Rendered for the Unbelievable Accident Killing a Tour Guide&#8221; (Hurriyet Newspaper),https://cindemirlaw.com/verdict-rendered-for-the-unbelievable-accident-killing-a-tour-guide-hurriyet-newspaper/,"&#8220;Verdict Rendered for the Unbelievable Accident Killing a Tour Guide&#8221; (Hurriyet Newspaper)

Read more: https://cindemirlaw.com/verdict-rendered-for-the-unbelievable-accident-killing-a-tour-guide-hurriyet-newspaper/"
2017-08-20,"Accidents on the Road in Turkey, Car Crashes, Traffic Accidents",https://cindemirlaw.com/accidents-on-the-road-in-turkey-car-crashes-traffic-accidents/,"Accidents on the Road in Turkey, Car Crashes, Traffic Accidents

Read more: https://cindemirlaw.com/accidents-on-the-road-in-turkey-car-crashes-traffic-accidents/"
2017-08-20,Irish &#8216;boxer&#8217; acquitted in epic brawl case &#8211; Sabah Daily News,https://cindemirlaw.com/irish-boxer-acquitted-in-epic-brawl-case/,"Irish &#8216;boxer&#8217; acquitted in epic brawl case &#8211; Sabah Daily News

Read more: https://cindemirlaw.com/irish-boxer-acquitted-in-epic-brawl-case/"
2017-08-16,Irish-Kuwaiti tourist acquitted in street brawl case in Turkey &#8211; Hurriyet Daily News,https://cindemirlaw.com/irish-kuwaiti-tourist-acquitted-in-street-brawl-case-in-turkey-hurriyet-daily-news/,"Irish-Kuwaiti tourist acquitted in street brawl case in Turkey &#8211; Hurriyet Daily News

Read more: https://cindemirlaw.com/irish-kuwaiti-tourist-acquitted-in-street-brawl-case-in-turkey-hurriyet-daily-news/"
2017-08-04,Car Accident in Turkey and Compensation Issues,https://cindemirlaw.com/car-accident-in-turkey-and-legal-compensation-issues/,"Car Accident in Turkey and Compensation Issues

Read more: https://cindemirlaw.com/car-accident-in-turkey-and-legal-compensation-issues/"
2016-10-10,ICSID Decisions given in favor of Turkmenistan is enforced by Cindemir Law Office in Turkey.,https://cindemirlaw.com/icsid/,"ICSID Decisions given in favor of Turkmenistan is enforced by Cindemir Law Office in Turkey.

Read more: https://cindemirlaw.com/icsid/"
2016-09-22,Recognition of Russian Court Decisions in Turkey,https://cindemirlaw.com/p91/,"Recognition of Russian Court Decisions in Turkey

Read more: https://cindemirlaw.com/p91/"
2016-01-13,Compensation of Damages for Foreign Victims due to Terror under Turkish Law,https://cindemirlaw.com/compensation-of-damages-for-foreign-victims-due-to-terror-under-turkish-law/,"Compensation of Damages for Foreign Victims due to Terror under Turkish Law

Read more: https://cindemirlaw.com/compensation-of-damages-for-foreign-victims-due-to-terror-under-turkish-law/"
2016-01-07,Prosecutor demanded acquittal of our client &#8221; Irish Tourist&#8221; based on the defence of Cindemir Law Office,https://cindemirlaw.com/prosecutor/,"Prosecutor demanded acquittal of our client &#8221; Irish Tourist&#8221; based on the defence of Cindemir Law Office

Read more: https://cindemirlaw.com/prosecutor/"
2016-01-07,Our press statement regarding Keshia Handa,https://cindemirlaw.com/our-press-statement-regarding-keshia-handa/,"Our press statement regarding Keshia Handa

Read more: https://cindemirlaw.com/our-press-statement-regarding-keshia-handa/"
2016-01-07,Irish Tourist &#8216;s attorney Gokhan Cindemir &#8216;s press statement.,https://cindemirlaw.com/irish-tourist-s-attorney-gokhan-cindemir-s-press-statement/,"Irish Tourist &#8216;s attorney Gokhan Cindemir &#8216;s press statement.

Read more: https://cindemirlaw.com/irish-tourist-s-attorney-gokhan-cindemir-s-press-statement/"
2015-04-10,Introduction to Jurisdiction of Divorce in Turkey,https://cindemirlaw.com/introduction-to-jurisdiction-of-divorce-in-turkey/,"Introduction to Jurisdiction of Divorce in Turkey

Read more: https://cindemirlaw.com/introduction-to-jurisdiction-of-divorce-in-turkey/"
2015-02-25,Enforcement and Recognition of Foreign Arbitral Awards in Turkey,https://cindemirlaw.com/enforcement-and-recognition-of-foreign-arbitral-awards-in-turkey/,"Enforcement and Recognition of Foreign Arbitral Awards in Turkey

Read more: https://cindemirlaw.com/enforcement-and-recognition-of-foreign-arbitral-awards-in-turkey/"
2015-02-15,Wrongful Death Claim in Turkey under Turkish Law,https://cindemirlaw.com/wrongful-death-claim-in-turkey-under-turkish-law/,"Wrongful Death Claim in Turkey under Turkish Law

Read more: https://cindemirlaw.com/wrongful-death-claim-in-turkey-under-turkish-law/"
2015-02-03,Notice of Termination for Employment Contracts in Turkish Labor Law,https://cindemirlaw.com/notice-of-termination-for-employment-contracts-in-turkish-labor-law/,"Notice of Termination for Employment Contracts in Turkish Labor Law

Read more: https://cindemirlaw.com/notice-of-termination-for-employment-contracts-in-turkish-labor-law/"
2015-02-03,Turkish Citizenship Law in English,https://cindemirlaw.com/turkish-citizenship-law-in-english/,"Turkish Citizenship Law in English

Read more: https://cindemirlaw.com/turkish-citizenship-law-in-english/"
2015-02-01,Consensual Divorce in Turkey (Uncontested Divorce in Turkey),https://cindemirlaw.com/consensual-divorce-in-turkey-uncontested-divorce/,"Consensual Divorce in Turkey (Uncontested Divorce in Turkey)

Read more: https://cindemirlaw.com/consensual-divorce-in-turkey-uncontested-divorce/"
2015-01-18,Provisions of Custody under Turkish Civil Code,https://cindemirlaw.com/provisions-of-custody-under-turkish-civil-code/,"Provisions of Custody under Turkish Civil Code

Read more: https://cindemirlaw.com/provisions-of-custody-under-turkish-civil-code/"
2015-01-11,Cautio Judicatum Solvi- Security Payment under Turkish International Private Law,https://cindemirlaw.com/cautio-judicatum-solvi-security-payment-under-turkish-international-private-law/,"Cautio Judicatum Solvi- Security Payment under Turkish International Private Law

Read more: https://cindemirlaw.com/cautio-judicatum-solvi-security-payment-under-turkish-international-private-law/"
2015-01-11,"International Private Law of Turkey, Provisions related to Enforcement of Foreign Arbitral Awards",https://cindemirlaw.com/international-private/,"International Private Law of Turkey, Provisions related to Enforcement of Foreign Arbitral Awards

Read more: https://cindemirlaw.com/international-private/"
2015-01-05,Statute of Limitations Related to Personal Injury Cases in Turkey,https://cindemirlaw.com/statute-of-limitations-related-to-personal-injury-cases-in-turkey/,"Statute of Limitations Related to Personal Injury Cases in Turkey

Read more: https://cindemirlaw.com/statute-of-limitations-related-to-personal-injury-cases-in-turkey/"
2015-01-04,Personal Injury Liability in Turkey,https://cindemirlaw.com/personal-injury-liability-in-turkey/,"Personal Injury Liability in Turkey

Read more: https://cindemirlaw.com/personal-injury-liability-in-turkey/"
2015-01-03,Paternity in Turkish Law,https://cindemirlaw.com/paternity-in-turkish-law-under-new-turkish-constitution-court-decision/,"Paternity in Turkish Law

Read more: https://cindemirlaw.com/paternity-in-turkish-law-under-new-turkish-constitution-court-decision/"
2015-01-03,Enforcement of UK judgments in Turkey,https://cindemirlaw.com/enforcement-of-uk-judgments-in-turkey/,"Enforcement of UK judgments in Turkey

Read more: https://cindemirlaw.com/enforcement-of-uk-judgments-in-turkey/"
2014-12-31,Enforcement of US Judgments in Turkey,https://cindemirlaw.com/enforcement-of-us-judgments-in-turkey/,"Enforcement of US Judgments in Turkey

Read more: https://cindemirlaw.com/enforcement-of-us-judgments-in-turkey/"
2014-12-12,Paternity Suit In Turkey,https://cindemirlaw.com/paternity-suit-in-turkey-under-turkish-family-law/,"Paternity Suit In Turkey

Read more: https://cindemirlaw.com/paternity-suit-in-turkey-under-turkish-family-law/"
2014-11-21,Enforcement of a foreign (Ukraine) Judgment in Turkey,https://cindemirlaw.com/enforcement-of-a-foreign-ukraine-judgment-in-turkey/,"Enforcement of a foreign (Ukraine) Judgment in Turkey

Read more: https://cindemirlaw.com/enforcement-of-a-foreign-ukraine-judgment-in-turkey/"
2014-11-21,Enforcement of Foreign Judgments (Austria) in Turkey,https://cindemirlaw.com/enforcement-of-foreign-judgments-austria-in-turkey/,"Enforcement of Foreign Judgments (Austria) in Turkey

Read more: https://cindemirlaw.com/enforcement-of-foreign-judgments-austria-in-turkey/"
2014-11-03,"Cindemir Hukuk Bürosu / Cindemir Law Office Al Mazaya İstanbul Ritim Residences Cevizli Mahallesi, Zuhal Caddesi no: 44 , b blok daire 18, 34846 Maltepe, Istanbul, Turkey",https://cindemirlaw.com/cindemir-hukuk-burosu-cindemir-law-office-kusdili-caddesi-osmanaga-mahallesi-artunc-apartmani-no173-34714-kadikoy-istanbul-2/,"Cindemir Hukuk Bürosu / Cindemir Law Office Al Mazaya İstanbul Ritim Residences Cevizli Mahallesi, Zuhal Caddesi no: 44 , b blok daire 18, 34846 Maltepe, Istanbul, Turkey

Read more: https://cindemirlaw.com/cindemir-hukuk-burosu-cindemir-law-office-kusdili-caddesi-osmanaga-mahallesi-artunc-apartmani-no173-34714-kadikoy-istanbul-2/"
2014-11-03,Gökhan Cindemir,https://cindemirlaw.com/gokhan-cindemir-2/,"Gökhan Cindemir

Read more: https://cindemirlaw.com/gokhan-cindemir-2/"
2014-11-03,Hakan Cindemir Profile,https://cindemirlaw.com/hakan-cindemir-2/,"Hakan Cindemir Profile

Read more: https://cindemirlaw.com/hakan-cindemir-2/"
2014-10-30,Enforcement of a Foreign (Iran) Judgment in Turkey,https://cindemirlaw.com/enforcement-of-a-foreign-iran-judgment-in-turkey/,"Enforcement of a Foreign (Iran) Judgment in Turkey

Read more: https://cindemirlaw.com/enforcement-of-a-foreign-iran-judgment-in-turkey/"
2014-10-30,Enforcement of a Foreign (Romania) Judgment in Turkey,https://cindemirlaw.com/enforcement-of-a-foreign-romania-judgment-in-turkey/,"Enforcement of a Foreign (Romania) Judgment in Turkey

Read more: https://cindemirlaw.com/enforcement-of-a-foreign-romania-judgment-in-turkey/"
2014-10-30,Deportation Law In Turkey,https://cindemirlaw.com/deportation-law-in-turkey/,"Deportation Law In Turkey

Read more: https://cindemirlaw.com/deportation-law-in-turkey/"
2014-10-30,Enforcement of a Foreign (Poland) Judgment in Turkey,https://cindemirlaw.com/enforcement-of-a-foreign-poland-judgment-in-turkey/,"Enforcement of a Foreign (Poland) Judgment in Turkey

Read more: https://cindemirlaw.com/enforcement-of-a-foreign-poland-judgment-in-turkey/"
2014-10-30,Enforcement of a Chinese Foreign Judgments in Turkey,https://cindemirlaw.com/enforcement-of-a-chinese-foreign-judgment-in-turkey/,"Enforcement of a Chinese Foreign Judgments in Turkey

Read more: https://cindemirlaw.com/enforcement-of-a-chinese-foreign-judgment-in-turkey/"
2014-10-30,Enforcement of a Foreign Decision in Turkey,https://cindemirlaw.com/enforcement-of-a-foreign-decision-in-turkey/,"Enforcement of a Foreign Decision in Turkey

Read more: https://cindemirlaw.com/enforcement-of-a-foreign-decision-in-turkey/"
2014-10-30,Anti-dumping measures,https://cindemirlaw.com/anti-dumping-measures/,"Anti-dumping measures

Read more: https://cindemirlaw.com/anti-dumping-measures/"
2014-10-30,Electric Distribution and Transmission In Turkey,https://cindemirlaw.com/electric-distribution-and-transmission-in-turkey/,"Electric Distribution and Transmission In Turkey

Read more: https://cindemirlaw.com/electric-distribution-and-transmission-in-turkey/"
2014-10-30,Direct Foreign Invesment Law in Turkey,https://cindemirlaw.com/direct-foreign-invesment-law-in-turkey/,"Direct Foreign Invesment Law in Turkey

Read more: https://cindemirlaw.com/direct-foreign-invesment-law-in-turkey/"
2014-10-30,Sales of Real Estate to Foreigners In Turkey?,https://cindemirlaw.com/sales-of-real-estate-to-foreigners-in-turkey/,"Sales of Real Estate to Foreigners In Turkey?

Read more: https://cindemirlaw.com/sales-of-real-estate-to-foreigners-in-turkey/"
2014-10-30,Alternative Dispute Resolutions In Turkey,https://cindemirlaw.com/alternative-dispute-resolutions-in-turkey/,"Alternative Dispute Resolutions In Turkey

Read more: https://cindemirlaw.com/alternative-dispute-resolutions-in-turkey/"
2014-10-30,Divorce in Turkey,https://cindemirlaw.com/how-to-divorce-in-turkey/,"Divorce in Turkey

Read more: https://cindemirlaw.com/how-to-divorce-in-turkey/"
2014-10-30,Turkish Procedural Law,https://cindemirlaw.com/turkish-procedural-law/,"Turkish Procedural Law

Read more: https://cindemirlaw.com/turkish-procedural-law/"
2014-10-30,To file a case in Turkey (Petition),https://cindemirlaw.com/to-file-a-case-in-turkey-petition/,"To file a case in Turkey (Petition)

Read more: https://cindemirlaw.com/to-file-a-case-in-turkey-petition/"
2014-10-30,Debt Collection in Turkey,https://cindemirlaw.com/debt-recovery-in-turkey/,"Debt Collection in Turkey

Read more: https://cindemirlaw.com/debt-recovery-in-turkey/"
2014-10-30,Resolution In the Course of Litigation Proceedings Regarding Turkish Law,https://cindemirlaw.com/resolution-in-the-course-of-litigation-proceedings-regarding-turkish-law/,"Resolution In the Course of Litigation Proceedings Regarding Turkish Law

Read more: https://cindemirlaw.com/resolution-in-the-course-of-litigation-proceedings-regarding-turkish-law/"
2014-10-30,Appointment of a Turkish Lawyer With Power Of Attorney,https://cindemirlaw.com/appointment-of-a-turkish-lawyer-with-power-of-attorney/,"Appointment of a Turkish Lawyer With Power Of Attorney

Read more: https://cindemirlaw.com/appointment-of-a-turkish-lawyer-with-power-of-attorney/"
2014-10-30,Interim Injunctions In Turkish Law,https://cindemirlaw.com/interim-injunctions-in-turkish-law/,"Interim Injunctions In Turkish Law

Read more: https://cindemirlaw.com/interim-injunctions-in-turkish-law/"
2014-10-30,Medical Malpractice and Medical Negligence Claims in Turkey,https://cindemirlaw.com/malpractice-cases-in-turkey/,"Medical Malpractice and Medical Negligence Claims in Turkey

Read more: https://cindemirlaw.com/malpractice-cases-in-turkey/"
2014-10-30,"Narcotic Crimes, Drugs and Cordials in Turkish Penal Code",https://cindemirlaw.com/narcotic-crimes-drugs-and-cordials-in-turkish-penal-code/,"Narcotic Crimes, Drugs and Cordials in Turkish Penal Code

Read more: https://cindemirlaw.com/narcotic-crimes-drugs-and-cordials-in-turkish-penal-code/"
2014-10-30,Methods of Debt Collection In The Light of Turkish Law,https://cindemirlaw.com/methods-of-debt-collection-in-the-light-of-turkish-law/,"Methods of Debt Collection In The Light of Turkish Law

Read more: https://cindemirlaw.com/methods-of-debt-collection-in-the-light-of-turkish-law/"
2014-10-30,Testamentary Disposition and Testaments in Turkish Inheritance Law,https://cindemirlaw.com/testamentary-disposition-and-testaments-in-turkish-inheritance-law/,"Testamentary Disposition and Testaments in Turkish Inheritance Law

Read more: https://cindemirlaw.com/testamentary-disposition-and-testaments-in-turkish-inheritance-law/"
2014-10-30,Cindemir Hukuk Bürosu / Cindemir Law Office,https://cindemirlaw.com/cindemir/,"Cindemir Hukuk Bürosu / Cindemir Law Office

Read more: https://cindemirlaw.com/cindemir/"
2014-10-30,"Gökhan Cindemir,LLM",https://cindemirlaw.com/gokhan-cindemir/,"Gökhan Cindemir,LLM

Read more: https://cindemirlaw.com/gokhan-cindemir/"
2014-10-30,Hakan Cindemir,https://cindemirlaw.com/gokhan-cindemir-3/,"Hakan Cindemir

Read more: https://cindemirlaw.com/gokhan-cindemir-3/"
2014-10-30,"Hakan Cindemir, PhD",https://cindemirlaw.com/hakan-cindemir/,"Hakan Cindemir, PhD

Read more: https://cindemirlaw.com/hakan-cindemir/"
2014-10-30,Cenker Değirmenci,https://cindemirlaw.com/hakan-cindemir-3/,"Cenker Değirmenci

Read more: https://cindemirlaw.com/hakan-cindemir-3/"
2014-10-29,"Mr. Hakan Cindemir, PhD, Senior Partner",https://cindemirlaw.com/hakan-cindemir-attorney-at-law-senior-attorney-of-the-law-office/,"Mr. Hakan Cindemir, PhD, Senior Partner

Read more: https://cindemirlaw.com/hakan-cindemir-attorney-at-law-senior-attorney-of-the-law-office/"
2014-10-29,"Cenker Değirmenci , Legal Advisor,General Coordinator",https://cindemirlaw.com/gokhan-cindemir-attorney-at-law-2/,"Cenker Değirmenci , Legal Advisor,General Coordinator

Read more: https://cindemirlaw.com/gokhan-cindemir-attorney-at-law-2/"
2014-10-29,"Mr. Gökhan Cindemir , Phd Candidate , Senior Partner",https://cindemirlaw.com/gokhan-cindemir-attorney-at-law/,"Mr. Gökhan Cindemir , Phd Candidate , Senior Partner

Read more: https://cindemirlaw.com/gokhan-cindemir-attorney-at-law/"
2014-10-29,"Cenker Değirmenci , Of Counsel",https://cindemirlaw.com/cenker-degirmenci-legal-advisorgeneral-coordinator/,"Cenker Değirmenci , Of Counsel

Read more: https://cindemirlaw.com/cenker-degirmenci-legal-advisorgeneral-coordinator/"
2014-10-29,"Taner Çevik, Independent Certified Public Accountant &#038; Financial Counsel",https://cindemirlaw.com/independent-certified-public-accountant-financial-consultant-taner-cevik/,"Taner Çevik, Independent Certified Public Accountant &#038; Financial Counsel

Read more: https://cindemirlaw.com/independent-certified-public-accountant-financial-consultant-taner-cevik/"
2014-10-29,Debt Collection Service,https://cindemirlaw.com/debt-collection-service/,"Debt Collection Service

Read more: https://cindemirlaw.com/debt-collection-service/"
2014-10-29,Due Dilligence,https://cindemirlaw.com/due-dilligence/,"Due Dilligence

Read more: https://cindemirlaw.com/due-dilligence/"
2014-10-29,Energy Law and Investment,https://cindemirlaw.com/energy-law-and-investment/,"Energy Law and Investment

Read more: https://cindemirlaw.com/energy-law-and-investment/"
2014-10-29,Corporate &#038; Commercial,https://cindemirlaw.com/corporate-commercial/,"Corporate &#038; Commercial

Read more: https://cindemirlaw.com/corporate-commercial/"
2014-10-29,Escrow Agency / Escrow Agreement,https://cindemirlaw.com/escrow-agency-escrow-agreement/,"Escrow Agency / Escrow Agreement

Read more: https://cindemirlaw.com/escrow-agency-escrow-agreement/"
2014-10-29,Real Estate &#038; Conveyancing,https://cindemirlaw.com/real-estate-conveyancing/,"Real Estate &#038; Conveyancing

Read more: https://cindemirlaw.com/real-estate-conveyancing/"
2014-10-29,European Law &#038; Rights Concerning Ankara Agreement,https://cindemirlaw.com/european-law-rights-concerning-ankara-agreement/,"European Law &#038; Rights Concerning Ankara Agreement

Read more: https://cindemirlaw.com/european-law-rights-concerning-ankara-agreement/"
2014-10-29,Litigation &#038; ADR,https://cindemirlaw.com/litigation-adr/,"Litigation &#038; ADR

Read more: https://cindemirlaw.com/litigation-adr/"
2014-10-29,Administrative Law,https://cindemirlaw.com/administrative-law/,"Administrative Law

Read more: https://cindemirlaw.com/administrative-law/"
2014-10-29,Banking &#038; Finance,https://cindemirlaw.com/banking-finance/,"Banking &#038; Finance

Read more: https://cindemirlaw.com/banking-finance/"
2014-10-29,Criminal Law,https://cindemirlaw.com/criminal-law/,"Criminal Law

Read more: https://cindemirlaw.com/criminal-law/"
2014-10-29,Employment,https://cindemirlaw.com/employment/,"Employment

Read more: https://cindemirlaw.com/employment/"
2014-10-29,"Estates, Trusts",https://cindemirlaw.com/estates-trusts/,"Estates, Trusts

Read more: https://cindemirlaw.com/estates-trusts/"
2014-10-29,Insurance,https://cindemirlaw.com/insurance/,"Insurance

Read more: https://cindemirlaw.com/insurance/"
2014-10-29,Training,https://cindemirlaw.com/training/,"Training

Read more: https://cindemirlaw.com/training/"
2014-10-29,Inheritance Law of Turkey,https://cindemirlaw.com/turkish-inheritance-law/,"Inheritance Law of Turkey

Read more: https://cindemirlaw.com/turkish-inheritance-law/"
2014-10-29,Turkish Employment Law,https://cindemirlaw.com/the-scope-of-turkish-labor-law/,"Turkish Employment Law

Read more: https://cindemirlaw.com/the-scope-of-turkish-labor-law/"
2014-10-29,Basic Principles of Turkish Labor Law,https://cindemirlaw.com/basic-principles-of-turkish-labor-law/,"Basic Principles of Turkish Labor Law

Read more: https://cindemirlaw.com/basic-principles-of-turkish-labor-law/"
2014-10-29,Enforcement of Foreign Judgments in Turkey,https://cindemirlaw.com/tort-law-in-turkey/,"Enforcement of Foreign Judgments in Turkey

Read more: https://cindemirlaw.com/tort-law-in-turkey/"
2014-10-29,The Structure of Board of Directors According to Turkish Commercial Code,https://cindemirlaw.com/the-structure-of-board-of-directors-according-to-turkish-commercial-code/,"The Structure of Board of Directors According to Turkish Commercial Code

Read more: https://cindemirlaw.com/the-structure-of-board-of-directors-according-to-turkish-commercial-code/"
2014-10-29,Cindemir Law,https://cindemirlaw.com/cindemir-law-3/,"Cindemir Law

Read more: https://cindemirlaw.com/cindemir-law-3/"
2014-10-29,Cindemir Law Office &#8211; Lawyer Istanbul,https://cindemirlaw.com/cindemir-law/,"Cindemir Law Office &#8211; Lawyer Istanbul

Read more: https://cindemirlaw.com/cindemir-law/"
